solid box2
facet normal 0.0 1.0 0.0
  outer loop
    vertex 10.0 102.99999999999999 73.0
    vertex 125.0 102.99999999999999 0.0
    vertex 10.0 102.99999999999999 0.0
  endloop
endfacet
facet normal 0.0 1.0 0.0
  outer loop
    vertex 125.0 102.99999999999999 0.0
    vertex 10.0 102.99999999999999 73.0
    vertex 125.0 102.99999999999999 73.0
  endloop
endfacet
facet normal -0.06540312923015007 0.997858923238603 0.0
  outer loop
    vertex 8.30315950113933 102.88878319785951 73.0
    vertex 10.0 102.99999999999999 0.0
    vertex 8.30315950113933 102.88878319785951 0.0
  endloop
endfacet
facet normal -0.06540312923015007 0.997858923238603 0.0
  outer loop
    vertex 10.0 102.99999999999999 0.0
    vertex 8.30315950113933 102.88878319785951 73.0
    vertex 10.0 102.99999999999999 73.0
  endloop
endfacet
facet normal 0.06540312923014992 0.997858923238603 0.0
  outer loop
    vertex 125.0 102.99999999999999 73.0
    vertex 126.69684049886067 102.88878319785951 0.0
    vertex 125.0 102.99999999999999 0.0
  endloop
endfacet
facet normal 0.06540312923014992 0.997858923238603 0.0
  outer loop
    vertex 126.69684049886067 102.88878319785951 0.0
    vertex 125.0 102.99999999999999 73.0
    vertex 126.69684049886067 102.88878319785951 73.0
  endloop
endfacet
facet normal -0.6593458151000698 0.7518398074789766 0.0
  outer loop
    vertex 0.8076118445748832 99.1923881554251 73.0
    vertex 2.086101422886634 100.31359342378606 0.0
    vertex 0.8076118445748832 99.1923881554251 0.0
  endloop
endfacet
facet normal -0.6593458151000698 0.7518398074789766 0.0
  outer loop
    vertex 2.086101422886634 100.31359342378606 0.0
    vertex 0.8076118445748832 99.1923881554251 73.0
    vertex 2.086101422886634 100.31359342378606 73.0
  endloop
endfacet
facet normal -0.8968727415326888 0.44228869021900036 0.0
  outer loop
    vertex -1.2583302491977006 96.49999999999999 73.0
    vertex -2.010433922646725 94.97488462074615 0.0
    vertex -2.010433922646725 94.97488462074615 73.0
  endloop
endfacet
facet normal -0.8968727415326888 0.44228869021900036 0.0
  outer loop
    vertex -2.010433922646725 94.97488462074615 0.0
    vertex -1.2583302491977006 96.49999999999999 73.0
    vertex -1.2583302491977006 96.49999999999999 0.0
  endloop
endfacet
facet normal -0.44228869021900524 0.8968727415326865 0.0
  outer loop
    vertex 3.500000000000002 101.2583302491977 73.0
    vertex 5.025115379253832 102.01043392264673 0.0
    vertex 3.500000000000002 101.2583302491977 0.0
  endloop
endfacet
facet normal -0.44228869021900524 0.8968727415326865 0.0
  outer loop
    vertex 5.025115379253832 102.01043392264673 0.0
    vertex 3.500000000000002 101.2583302491977 73.0
    vertex 5.025115379253832 102.01043392264673 73.0
  endloop
endfacet
facet normal -0.7518398074789778 0.6593458151000683 0.0
  outer loop
    vertex 0.8076118445748832 99.1923881554251 73.0
    vertex -0.31359342378605426 97.91389857711336 0.0
    vertex -0.31359342378605426 97.91389857711336 73.0
  endloop
endfacet
facet normal -0.7518398074789778 0.6593458151000683 0.0
  outer loop
    vertex -0.31359342378605426 97.91389857711336 0.0
    vertex 0.8076118445748832 99.1923881554251 73.0
    vertex 0.8076118445748832 99.1923881554251 0.0
  endloop
endfacet
facet normal -0.3214394653031531 0.9469301294951085 0.0
  outer loop
    vertex 5.025115379253832 102.01043392264673 73.0
    vertex 6.63535241366723 102.55703574175787 0.0
    vertex 5.025115379253832 102.01043392264673 0.0
  endloop
endfacet
facet normal -0.3214394653031531 0.9469301294951085 0.0
  outer loop
    vertex 6.63535241366723 102.55703574175787 0.0
    vertex 5.025115379253832 102.01043392264673 73.0
    vertex 6.63535241366723 102.55703574175787 73.0
  endloop
endfacet
facet normal -0.5555702330196011 0.831469612302546 0.0
  outer loop
    vertex 2.086101422886634 100.31359342378606 73.0
    vertex 3.500000000000002 101.2583302491977 0.0
    vertex 2.086101422886634 100.31359342378606 0.0
  endloop
endfacet
facet normal -0.5555702330196011 0.831469612302546 0.0
  outer loop
    vertex 3.500000000000002 101.2583302491977 0.0
    vertex 2.086101422886634 100.31359342378606 73.0
    vertex 3.500000000000002 101.2583302491977 73.0
  endloop
endfacet
facet normal -0.1950903220161251 0.9807852804032312 0.0
  outer loop
    vertex 6.63535241366723 102.55703574175787 73.0
    vertex 8.30315950113933 102.88878319785951 0.0
    vertex 6.63535241366723 102.55703574175787 0.0
  endloop
endfacet
facet normal -0.1950903220161251 0.9807852804032312 0.0
  outer loop
    vertex 8.30315950113933 102.88878319785951 0.0
    vertex 6.63535241366723 102.55703574175787 73.0
    vertex 8.30315950113933 102.88878319785951 73.0
  endloop
endfacet
facet normal -0.8314696123025451 0.5555702330196024 0.0
  outer loop
    vertex -0.31359342378605426 97.91389857711336 73.0
    vertex -1.2583302491977006 96.49999999999999 0.0
    vertex -1.2583302491977006 96.49999999999999 73.0
  endloop
endfacet
facet normal -0.8314696123025451 0.5555702330196024 0.0
  outer loop
    vertex -1.2583302491977006 96.49999999999999 0.0
    vertex -0.31359342378605426 97.91389857711336 73.0
    vertex -0.31359342378605426 97.91389857711336 0.0
  endloop
endfacet
facet normal 0.0 0.0 -1.0
  outer loop
    vertex -2.9999999999999973 90.0 0.0
    vertex -2.8887831978595355 8.303159501139325 0.0
    vertex -3.0000000000000013 9.999999999999995 0.0
  endloop
endfacet
facet normal 0.0 0.0 -1.0
  outer loop
    vertex -2.8887831978595355 8.303159501139325 0.0
    vertex -2.9999999999999973 90.0 0.0
    vertex -2.888783197859532 91.69684049886065 0.0
  endloop
endfacet
facet normal 0.0 0.0 -1.0
  outer loop
    vertex -2.8887831978595355 8.303159501139325 0.0
    vertex -2.888783197859532 91.69684049886065 0.0
    vertex -2.5570357417578875 6.635352413667225 0.0
  endloop
endfacet
facet normal 0.0 0.0 -1.0
  outer loop
    vertex -2.5570357417578875 6.635352413667225 0.0
    vertex -2.888783197859532 91.69684049886065 0.0
    vertex -2.557035741757886 93.36464758633277 0.0
  endloop
endfacet
facet normal 0.0 0.0 -1.0
  outer loop
    vertex -2.5570357417578875 6.635352413667225 0.0
    vertex -2.557035741757886 93.36464758633277 0.0
    vertex -2.0104339226467287 5.025115379253829 0.0
  endloop
endfacet
facet normal 0.0 0.0 -1.0
  outer loop
    vertex -2.0104339226467287 5.025115379253829 0.0
    vertex -2.557035741757886 93.36464758633277 0.0
    vertex -2.010433922646725 94.97488462074615 0.0
  endloop
endfacet
facet normal 0.0 0.0 -1.0
  outer loop
    vertex -2.0104339226467287 5.025115379253829 0.0
    vertex -2.010433922646725 94.97488462074615 0.0
    vertex -1.2583302491977006 3.499999999999998 0.0
  endloop
endfacet
facet normal 0.0 0.0 -1.0
  outer loop
    vertex -1.2583302491977006 3.499999999999998 0.0
    vertex -2.010433922646725 94.97488462074615 0.0
    vertex -1.2583302491977006 96.49999999999999 0.0
  endloop
endfacet
facet normal 0.0 0.0 -1.0
  outer loop
    vertex -1.2583302491977006 3.499999999999998 0.0
    vertex -1.2583302491977006 96.49999999999999 0.0
    vertex -0.31359342378605426 97.91389857711336 0.0
  endloop
endfacet
facet normal 0.0 0.0 -1.0
  outer loop
    vertex -1.2583302491977006 3.499999999999998 0.0
    vertex -0.31359342378605426 97.91389857711336 0.0
    vertex -0.31359342378605637 2.0861014228866286 0.0
  endloop
endfacet
facet normal 0.0 0.0 -1.0
  outer loop
    vertex -0.31359342378605637 2.0861014228866286 0.0
    vertex -0.31359342378605426 97.91389857711336 0.0
    vertex 0.8076118445748847 0.8076118445748793 0.0
  endloop
endfacet
facet normal 0.0 0.0 -1.0
  outer loop
    vertex 0.8076118445748847 0.8076118445748793 0.0
    vertex -0.31359342378605426 97.91389857711336 0.0
    vertex 0.8076118445748832 99.1923881554251 0.0
  endloop
endfacet
facet normal 0.0 0.0 -1.0
  outer loop
    vertex 0.8076118445748847 0.8076118445748793 0.0
    vertex 0.8076118445748832 99.1923881554251 0.0
    vertex 2.086101422886634 100.31359342378606 0.0
  endloop
endfacet
facet normal 0.0 0.0 -1.0
  outer loop
    vertex 0.8076118445748847 0.8076118445748793 0.0
    vertex 2.086101422886634 100.31359342378606 0.0
    vertex 2.0861014228866326 -0.3135934237860585 0.0
  endloop
endfacet
facet normal 0.0 0.0 -1.0
  outer loop
    vertex 2.0861014228866326 -0.3135934237860585 0.0
    vertex 2.086101422886634 100.31359342378606 0.0
    vertex 3.5000000000000004 -1.2583302491977049 0.0
  endloop
endfacet
facet normal 0.0 0.0 -1.0
  outer loop
    vertex 3.5000000000000004 -1.2583302491977049 0.0
    vertex 2.086101422886634 100.31359342378606 0.0
    vertex 3.500000000000002 101.2583302491977 0.0
  endloop
endfacet
facet normal 0.0 0.0 -1.0
  outer loop
    vertex 3.5000000000000004 -1.2583302491977049 0.0
    vertex 3.500000000000002 101.2583302491977 0.0
    vertex 5.025115379253832 -2.010433922646731 0.0
  endloop
endfacet
facet normal 0.0 0.0 -1.0
  outer loop
    vertex 5.025115379253832 -2.010433922646731 0.0
    vertex 3.500000000000002 101.2583302491977 0.0
    vertex 5.025115379253832 102.01043392264673 0.0
  endloop
endfacet
facet normal 0.0 0.0 -1.0
  outer loop
    vertex 5.025115379253832 -2.010433922646731 0.0
    vertex 5.025115379253832 102.01043392264673 0.0
    vertex 6.63535241366723 102.55703574175787 0.0
  endloop
endfacet
facet normal 0.0 0.0 -1.0
  outer loop
    vertex 5.025115379253832 -2.010433922646731 0.0
    vertex 6.63535241366723 102.55703574175787 0.0
    vertex 6.6353524136672295 -2.557035741757889 0.0
  endloop
endfacet
facet normal 0.0 0.0 -1.0
  outer loop
    vertex 6.6353524136672295 -2.557035741757889 0.0
    vertex 6.63535241366723 102.55703574175787 0.0
    vertex 8.303159501139326 -2.888783197859539 0.0
  endloop
endfacet
facet normal 0.0 0.0 -1.0
  outer loop
    vertex 8.303159501139326 -2.888783197859539 0.0
    vertex 6.63535241366723 102.55703574175787 0.0
    vertex 8.30315950113933 102.88878319785951 0.0
  endloop
endfacet
facet normal 0.0 0.0 -1.0
  outer loop
    vertex 8.303159501139326 -2.888783197859539 0.0
    vertex 8.30315950113933 102.88878319785951 0.0
    vertex 9.999999999999996 -3.000000000000003 0.0
  endloop
endfacet
facet normal 0.0 0.0 -1.0
  outer loop
    vertex 9.999999999999996 -3.000000000000003 0.0
    vertex 8.30315950113933 102.88878319785951 0.0
    vertex 10.0 102.99999999999999 0.0
  endloop
endfacet
facet normal 0.0 0.0 -1.0
  outer loop
    vertex 9.999999999999996 -3.000000000000003 0.0
    vertex 10.0 102.99999999999999 0.0
    vertex 126.61002506327134 -3.0055014818425536 0.0
  endloop
endfacet
facet normal 0.0 0.0 -1.0
  outer loop
    vertex 126.61002506327134 -3.0055014818425536 0.0
    vertex 10.0 102.99999999999999 0.0
    vertex 125.0 102.99999999999999 0.0
  endloop
endfacet
facet normal 0.0 0.0 -1.0
  outer loop
    vertex 126.61002506327134 -3.0055014818425536 0.0
    vertex 125.0 102.99999999999999 0.0
    vertex 126.69684049886067 102.88878319785951 0.0
  endloop
endfacet
facet normal 0.0 0.0 -1.0
  outer loop
    vertex 126.61002506327134 -3.0055014818425536 0.0
    vertex 126.69684049886067 102.88878319785951 0.0
    vertex 126.92894974706617 -2.9416836327947435 0.0
  endloop
endfacet
facet normal 0.0 0.0 -1.0
  outer loop
    vertex 126.92894974706617 -2.9416836327947435 0.0
    vertex 126.69684049886067 102.88878319785951 0.0
    vertex 128.36464758633275 102.55703574175787 0.0
  endloop
endfacet
facet normal 0.0 0.0 -1.0
  outer loop
    vertex 126.92894974706617 -2.9416836327947435 0.0
    vertex 128.36464758633275 102.55703574175787 0.0
    vertex 128.38562257859647 -2.650198741225736 0.0
  endloop
endfacet
facet normal 0.0 0.0 -1.0
  outer loop
    vertex 128.38562257859647 -2.650198741225736 0.0
    vertex 128.36464758633275 102.55703574175787 0.0
    vertex 129.97488462074617 102.01043392264673 0.0
  endloop
endfacet
facet normal 0.0 0.0 -1.0
  outer loop
    vertex 128.38562257859647 -2.650198741225736 0.0
    vertex 129.97488462074617 102.01043392264673 0.0
    vertex 130.00504883236707 -2.0970281140705267 0.0
  endloop
endfacet
facet normal 0.0 0.0 -1.0
  outer loop
    vertex 130.00504883236707 -2.0970281140705267 0.0
    vertex 129.97488462074617 102.01043392264673 0.0
    vertex 131.5 101.2583302491977 0.0
  endloop
endfacet
facet normal 0.0 0.0 -1.0
  outer loop
    vertex 130.00504883236707 -2.0970281140705267 0.0
    vertex 131.5 101.2583302491977 0.0
    vertex 131.53783685050732 -1.3360418950138098 0.0
  endloop
endfacet
facet normal 0.0 0.0 -1.0
  outer loop
    vertex 131.53783685050732 -1.3360418950138098 0.0
    vertex 131.5 101.2583302491977 0.0
    vertex 132.91389857711334 100.31359342378603 0.0
  endloop
endfacet
facet normal 0.0 0.0 -1.0
  outer loop
    vertex 131.53783685050732 -1.3360418950138098 0.0
    vertex 132.91389857711334 100.31359342378603 0.0
    vertex 132.95745381506993 -0.38041288327617023 0.0
  endloop
endfacet
facet normal 0.0 0.0 -1.0
  outer loop
    vertex 132.95745381506993 -0.38041288327617023 0.0
    vertex 132.91389857711334 100.31359342378603 0.0
    vertex 134.1923881554251 99.1923881554251 0.0
  endloop
endfacet
facet normal 0.0 0.0 -1.0
  outer loop
    vertex 132.95745381506993 -0.38041288327617023 0.0
    vertex 134.1923881554251 99.1923881554251 0.0
    vertex 134.23932591804626 0.7533168225001905 0.0
  endloop
endfacet
facet normal 0.0 0.0 -1.0
  outer loop
    vertex 134.23932591804626 0.7533168225001905 0.0
    vertex 134.1923881554251 99.1923881554251 0.0
    vertex 135.31359342378605 97.91389857711336 0.0
  endloop
endfacet
facet normal 0.0 0.0 -1.0
  outer loop
    vertex 134.23932591804626 0.7533168225001905 0.0
    vertex 135.31359342378605 97.91389857711336 0.0
    vertex 135.36126373810885 2.0455221707563442 0.0
  endloop
endfacet
facet normal 0.0 0.0 -1.0
  outer loop
    vertex 135.36126373810885 2.0455221707563442 0.0
    vertex 135.31359342378605 97.91389857711336 0.0
    vertex 136.2583302491977 96.49999999999999 0.0
  endloop
endfacet
facet normal 0.0 0.0 -1.0
  outer loop
    vertex 135.36126373810885 2.0455221707563442 0.0
    vertex 136.2583302491977 96.49999999999999 0.0
    vertex 136.30384634322039 3.473834869954193 0.0
  endloop
endfacet
facet normal 0.0 0.0 -1.0
  outer loop
    vertex 136.30384634322039 3.473834869954193 0.0
    vertex 136.2583302491977 96.49999999999999 0.0
    vertex 137.01043392264674 94.97488462074615 0.0
  endloop
endfacet
facet normal 0.0 0.0 -1.0
  outer loop
    vertex 136.30384634322039 3.473834869954193 0.0
    vertex 137.01043392264674 94.97488462074615 0.0
    vertex 137.0507574702278 5.013530587458504 0.0
  endloop
endfacet
facet normal 0.0 0.0 -1.0
  outer loop
    vertex 137.0507574702278 5.013530587458504 0.0
    vertex 137.01043392264674 94.97488462074615 0.0
    vertex 137.5570357417579 93.36464758633277 0.0
  endloop
endfacet
facet normal 0.0 0.0 -1.0
  outer loop
    vertex 137.0507574702278 5.013530587458504 0.0
    vertex 137.5570357417579 93.36464758633277 0.0
    vertex 137.5890679621171 6.6379569318861265 0.0
  endloop
endfacet
facet normal 0.0 0.0 -1.0
  outer loop
    vertex 137.5890679621171 6.6379569318861265 0.0
    vertex 137.5570357417579 93.36464758633277 0.0
    vertex 137.88878319785954 91.69684049886067 0.0
  endloop
endfacet
facet normal 0.0 0.0 -1.0
  outer loop
    vertex 137.5890679621171 6.6379569318861265 0.0
    vertex 137.88878319785954 91.69684049886067 0.0
    vertex 137.90945957389195 8.31899481047572 0.0
  endloop
endfacet
facet normal 0.0 0.0 -1.0
  outer loop
    vertex 137.90945957389195 8.31899481047572 0.0
    vertex 137.88878319785954 91.69684049886067 0.0
    vertex 138.0 90.0 0.0
  endloop
endfacet
facet normal 0.0 0.0 -1.0
  outer loop
    vertex 137.90945957389195 8.31899481047572 0.0
    vertex 138.0 90.0 0.0
    vertex 138.0 9.914972797422932 0.0
  endloop
endfacet
facet normal -0.4422886902190017 -0.8968727415326881 -0.0
  outer loop
    vertex 5.025115379253832 -2.010433922646731 73.0
    vertex 3.5000000000000004 -1.2583302491977049 0.0
    vertex 5.025115379253832 -2.010433922646731 0.0
  endloop
endfacet
facet normal -0.4422886902190017 -0.8968727415326881 -0.0
  outer loop
    vertex 3.5000000000000004 -1.2583302491977049 0.0
    vertex 5.025115379253832 -2.010433922646731 73.0
    vertex 3.5000000000000004 -1.2583302491977049 73.0
  endloop
endfacet
facet normal 0.8997241668005967 -0.4364589598976883 0.0
  outer loop
    vertex 137.0507574702278 5.013530587458504 0.0
    vertex 136.30384634322039 3.473834869954193 73.0
    vertex 136.30384634322039 3.473834869954193 0.0
  endloop
endfacet
facet normal 0.8997241668005967 -0.4364589598976883 0.0
  outer loop
    vertex 136.30384634322039 3.473834869954193 73.0
    vertex 137.0507574702278 5.013530587458504 0.0
    vertex 137.0507574702278 5.013530587458504 73.0
  endloop
endfacet
facet normal 0.19621343383262474 -0.980561210931582 0.0
  outer loop
    vertex 126.92894974706617 -2.9416836327947435 73.0
    vertex 126.61002506327134 -3.0055014818425536 0.0
    vertex 126.92894974706617 -2.9416836327947435 0.0
  endloop
endfacet
facet normal 0.19621343383262474 -0.980561210931582 0.0
  outer loop
    vertex 126.61002506327134 -3.0055014818425536 0.0
    vertex 126.92894974706617 -2.9416836327947435 73.0
    vertex 126.61002506327134 -3.0055014818425536 73.0
  endloop
endfacet
facet normal -0.6593458151000685 -0.7518398074789776 -0.0
  outer loop
    vertex 2.0861014228866326 -0.3135934237860585 73.0
    vertex 0.8076118445748847 0.8076118445748793 0.0
    vertex 2.0861014228866326 -0.3135934237860585 0.0
  endloop
endfacet
facet normal -0.6593458151000685 -0.7518398074789776 -0.0
  outer loop
    vertex 0.8076118445748847 0.8076118445748793 0.0
    vertex 2.0861014228866326 -0.3135934237860585 73.0
    vertex 0.8076118445748847 0.8076118445748793 73.0
  endloop
endfacet
facet normal -0.8314696123025457 -0.5555702330196015 -0.0
  outer loop
    vertex -1.2583302491977006 3.499999999999998 73.0
    vertex -0.31359342378605637 2.0861014228866286 0.0
    vertex -0.31359342378605637 2.0861014228866286 73.0
  endloop
endfacet
facet normal -0.8314696123025457 -0.5555702330196015 -0.0
  outer loop
    vertex -0.31359342378605637 2.0861014228866286 0.0
    vertex -1.2583302491977006 3.499999999999998 73.0
    vertex -1.2583302491977006 3.499999999999998 0.0
  endloop
endfacet
facet normal -0.8968727415326876 -0.4422886902190031 -0.0
  outer loop
    vertex -2.0104339226467287 5.025115379253829 73.0
    vertex -1.2583302491977006 3.499999999999998 0.0
    vertex -1.2583302491977006 3.499999999999998 73.0
  endloop
endfacet
facet normal -0.8968727415326876 -0.4422886902190031 -0.0
  outer loop
    vertex -1.2583302491977006 3.499999999999998 0.0
    vertex -2.0104339226467287 5.025115379253829 73.0
    vertex -2.0104339226467287 5.025115379253829 0.0
  endloop
endfacet
facet normal 0.7551026914457845 -0.6556065324349144 0.0
  outer loop
    vertex 135.36126373810885 2.0455221707563442 0.0
    vertex 134.23932591804626 0.7533168225001905 73.0
    vertex 134.23932591804626 0.7533168225001905 0.0
  endloop
endfacet
facet normal 0.7551026914457845 -0.6556065324349144 0.0
  outer loop
    vertex 134.23932591804626 0.7533168225001905 73.0
    vertex 135.36126373810885 2.0455221707563442 0.0
    vertex 135.36126373810885 2.0455221707563442 73.0
  endloop
endfacet
facet normal -0.06540312923014271 -0.9978589232386037 -0.0
  outer loop
    vertex 9.999999999999996 -3.000000000000003 73.0
    vertex 8.303159501139326 -2.888783197859539 0.0
    vertex 9.999999999999996 -3.000000000000003 0.0
  endloop
endfacet
facet normal -0.06540312923014271 -0.9978589232386037 -0.0
  outer loop
    vertex 8.303159501139326 -2.888783197859539 0.0
    vertex 9.999999999999996 -3.000000000000003 73.0
    vertex 8.303159501139326 -2.888783197859539 73.0
  endloop
endfacet
facet normal -0.9469301294951059 -0.32143946530316103 -0.0
  outer loop
    vertex -2.5570357417578875 6.635352413667225 73.0
    vertex -2.0104339226467287 5.025115379253829 0.0
    vertex -2.0104339226467287 5.025115379253829 73.0
  endloop
endfacet
facet normal -0.9469301294951059 -0.32143946530316103 -0.0
  outer loop
    vertex -2.0104339226467287 5.025115379253829 0.0
    vertex -2.5570357417578875 6.635352413667225 73.0
    vertex -2.5570357417578875 6.635352413667225 0.0
  endloop
endfacet
facet normal -0.9978589232386035 -0.0654031292301439 -0.0
  outer loop
    vertex -3.0000000000000013 9.999999999999995 73.0
    vertex -2.8887831978595355 8.303159501139325 0.0
    vertex -2.8887831978595355 8.303159501139325 73.0
  endloop
endfacet
facet normal -0.9978589232386035 -0.0654031292301439 -0.0
  outer loop
    vertex -2.8887831978595355 8.303159501139325 0.0
    vertex -3.0000000000000013 9.999999999999995 73.0
    vertex -3.0000000000000013 9.999999999999995 0.0
  endloop
endfacet
facet normal -0.9978589232386035 0.06540312923014374 0.0
  outer loop
    vertex -2.888783197859532 91.69684049886065 73.0
    vertex -2.9999999999999973 90.0 0.0
    vertex -2.9999999999999973 90.0 73.0
  endloop
endfacet
facet normal -0.9978589232386035 0.06540312923014374 0.0
  outer loop
    vertex -2.9999999999999973 90.0 0.0
    vertex -2.888783197859532 91.69684049886065 73.0
    vertex -2.888783197859532 91.69684049886065 0.0
  endloop
endfacet
facet normal -0.9807852804032304 -0.1950903220161285 -0.0
  outer loop
    vertex -2.8887831978595355 8.303159501139325 73.0
    vertex -2.5570357417578875 6.635352413667225 0.0
    vertex -2.5570357417578875 6.635352413667225 73.0
  endloop
endfacet
facet normal -0.9807852804032304 -0.1950903220161285 -0.0
  outer loop
    vertex -2.5570357417578875 6.635352413667225 0.0
    vertex -2.8887831978595355 8.303159501139325 73.0
    vertex -2.8887831978595355 8.303159501139325 0.0
  endloop
endfacet
facet normal -0.9469301294951052 0.3214394653031632 0.0
  outer loop
    vertex -2.010433922646725 94.97488462074615 73.0
    vertex -2.557035741757886 93.36464758633277 0.0
    vertex -2.557035741757886 93.36464758633277 73.0
  endloop
endfacet
facet normal -0.9469301294951052 0.3214394653031632 0.0
  outer loop
    vertex -2.557035741757886 93.36464758633277 0.0
    vertex -2.010433922646725 94.97488462074615 73.0
    vertex -2.010433922646725 94.97488462074615 0.0
  endloop
endfacet
facet normal 0.8346372848912467 -0.5507999661123522 0.0
  outer loop
    vertex 136.30384634322039 3.473834869954193 0.0
    vertex 135.36126373810885 2.0455221707563442 73.0
    vertex 135.36126373810885 2.0455221707563442 0.0
  endloop
endfacet
facet normal 0.8346372848912467 -0.5507999661123522 0.0
  outer loop
    vertex 135.36126373810885 2.0455221707563442 73.0
    vertex 136.30384634322039 3.473834869954193 0.0
    vertex 136.30384634322039 3.473834869954193 73.0
  endloop
endfacet
facet normal -4.717846371650225e-05 -0.9999999988870962 -0.0
  outer loop
    vertex 126.61002506327134 -3.0055014818425536 73.0
    vertex 9.999999999999996 -3.000000000000003 0.0
    vertex 126.61002506327134 -3.0055014818425536 0.0
  endloop
endfacet
facet normal -4.717846371650225e-05 -0.9999999988870962 -0.0
  outer loop
    vertex 9.999999999999996 -3.000000000000003 0.0
    vertex 126.61002506327134 -3.0055014818425536 73.0
    vertex 9.999999999999996 -3.000000000000003 73.0
  endloop
endfacet
facet normal -0.5555702330196027 -0.831469612302545 -0.0
  outer loop
    vertex 3.5000000000000004 -1.2583302491977049 73.0
    vertex 2.0861014228866326 -0.3135934237860585 0.0
    vertex 3.5000000000000004 -1.2583302491977049 0.0
  endloop
endfacet
facet normal -0.5555702330196027 -0.831469612302545 -0.0
  outer loop
    vertex 2.0861014228866326 -0.3135934237860585 0.0
    vertex 3.5000000000000004 -1.2583302491977049 73.0
    vertex 2.0861014228866326 -0.3135934237860585 73.0
  endloop
endfacet
facet normal -1.0 5.287437154777308e-17 0.0
  outer loop
    vertex -2.9999999999999973 90.0 73.0
    vertex -3.0000000000000013 9.999999999999995 0.0
    vertex -3.0000000000000013 9.999999999999995 73.0
  endloop
endfacet
facet normal -1.0 5.287437154777308e-17 0.0
  outer loop
    vertex -3.0000000000000013 9.999999999999995 0.0
    vertex -2.9999999999999973 90.0 73.0
    vertex -2.9999999999999973 90.0 0.0
  endloop
endfacet
facet normal 1.0 0.0 0.0
  outer loop
    vertex 138.0 90.0 0.0
    vertex 138.0 9.914972797422932 73.0
    vertex 138.0 9.914972797422932 0.0
  endloop
endfacet
facet normal 1.0 0.0 0.0
  outer loop
    vertex 138.0 9.914972797422932 73.0
    vertex 138.0 90.0 0.0
    vertex 138.0 90.0 73.0
  endloop
endfacet
facet normal 0.5584236590264603 -0.829555915559343 0.0
  outer loop
    vertex 132.95745381506993 -0.38041288327617023 73.0
    vertex 131.53783685050732 -1.3360418950138098 0.0
    vertex 132.95745381506993 -0.38041288327617023 0.0
  endloop
endfacet
facet normal 0.5584236590264603 -0.829555915559343 0.0
  outer loop
    vertex 131.53783685050732 -1.3360418950138098 0.0
    vertex 132.95745381506993 -0.38041288327617023 73.0
    vertex 131.53783685050732 -1.3360418950138098 73.0
  endloop
endfacet
facet normal -0.3214394653031608 -0.9469301294951059 -0.0
  outer loop
    vertex 6.6353524136672295 -2.557035741757889 73.0
    vertex 5.025115379253832 -2.010433922646731 0.0
    vertex 6.6353524136672295 -2.557035741757889 0.0
  endloop
endfacet
facet normal -0.3214394653031608 -0.9469301294951059 -0.0
  outer loop
    vertex 5.025115379253832 -2.010433922646731 0.0
    vertex 6.6353524136672295 -2.557035741757889 73.0
    vertex 5.025115379253832 -2.010433922646731 73.0
  endloop
endfacet
facet normal -0.7518398074789769 -0.6593458151000695 -0.0
  outer loop
    vertex -0.31359342378605637 2.0861014228866286 73.0
    vertex 0.8076118445748847 0.8076118445748793 0.0
    vertex 0.8076118445748847 0.8076118445748793 73.0
  endloop
endfacet
facet normal -0.7518398074789769 -0.6593458151000695 -0.0
  outer loop
    vertex 0.8076118445748847 0.8076118445748793 0.0
    vertex -0.31359342378605637 2.0861014228866286 73.0
    vertex -0.31359342378605637 2.0861014228866286 0.0
  endloop
endfacet
facet normal -0.980785280403231 0.19509032201612622 0.0
  outer loop
    vertex -2.557035741757886 93.36464758633277 73.0
    vertex -2.888783197859532 91.69684049886065 0.0
    vertex -2.888783197859532 91.69684049886065 73.0
  endloop
endfacet
facet normal -0.980785280403231 0.19509032201612622 0.0
  outer loop
    vertex -2.888783197859532 91.69684049886065 0.0
    vertex -2.557035741757886 93.36464758633277 73.0
    vertex -2.557035741757886 93.36464758633277 0.0
  endloop
endfacet
facet normal 0.6624971436304924 -0.7490644396054581 0.0
  outer loop
    vertex 134.23932591804626 0.7533168225001905 73.0
    vertex 132.95745381506993 -0.38041288327617023 0.0
    vertex 134.23932591804626 0.7533168225001905 0.0
  endloop
endfacet
facet normal 0.6624971436304924 -0.7490644396054581 0.0
  outer loop
    vertex 132.95745381506993 -0.38041288327617023 0.0
    vertex 134.23932591804626 0.7533168225001905 73.0
    vertex 132.95745381506993 -0.38041288327617023 73.0
  endloop
endfacet
facet normal 0.9492366723199676 -0.3145627758062207 0.0
  outer loop
    vertex 137.5890679621171 6.6379569318861265 0.0
    vertex 137.0507574702278 5.013530587458504 73.0
    vertex 137.0507574702278 5.013530587458504 0.0
  endloop
endfacet
facet normal 0.9492366723199676 -0.3145627758062207 0.0
  outer loop
    vertex 137.0507574702278 5.013530587458504 73.0
    vertex 137.5890679621171 6.6379569318861265 0.0
    vertex 137.5890679621171 6.6379569318861265 73.0
  endloop
endfacet
facet normal 0.9823177316657143 -0.1872214572508337 0.0
  outer loop
    vertex 137.90945957389195 8.31899481047572 0.0
    vertex 137.5890679621171 6.6379569318861265 73.0
    vertex 137.5890679621171 6.6379569318861265 0.0
  endloop
endfacet
facet normal 0.9823177316657143 -0.1872214572508337 0.0
  outer loop
    vertex 137.5890679621171 6.6379569318861265 73.0
    vertex 137.90945957389195 8.31899481047572 0.0
    vertex 137.90945957389195 8.31899481047572 73.0
  endloop
endfacet
facet normal 0.32324632455463137 -0.9463148596856767 0.0
  outer loop
    vertex 130.00504883236707 -2.0970281140705267 73.0
    vertex 128.38562257859647 -2.650198741225736 0.0
    vertex 130.00504883236707 -2.0970281140705267 0.0
  endloop
endfacet
facet normal 0.32324632455463137 -0.9463148596856767 0.0
  outer loop
    vertex 128.38562257859647 -2.650198741225736 0.0
    vertex 130.00504883236707 -2.0970281140705267 73.0
    vertex 128.38562257859647 -2.650198741225736 73.0
  endloop
endfacet
facet normal 0.19621343383256926 -0.9805612109315931 0.0
  outer loop
    vertex 128.38562257859647 -2.650198741225736 73.0
    vertex 126.92894974706617 -2.9416836327947435 0.0
    vertex 128.38562257859647 -2.650198741225736 0.0
  endloop
endfacet
facet normal 0.19621343383256926 -0.9805612109315931 0.0
  outer loop
    vertex 126.92894974706617 -2.9416836327947435 0.0
    vertex 128.38562257859647 -2.650198741225736 73.0
    vertex 126.92894974706617 -2.9416836327947435 73.0
  endloop
endfacet
facet normal 0.9983947061462999 -0.05663930383615131 0.0
  outer loop
    vertex 138.0 9.914972797422932 0.0
    vertex 137.90945957389195 8.31899481047572 73.0
    vertex 137.90945957389195 8.31899481047572 0.0
  endloop
endfacet
facet normal 0.9983947061462999 -0.05663930383615131 0.0
  outer loop
    vertex 137.90945957389195 8.31899481047572 73.0
    vertex 138.0 9.914972797422932 0.0
    vertex 138.0 9.914972797422932 73.0
  endloop
endfacet
facet normal 0.4446837671259732 -0.895687639333408 0.0
  outer loop
    vertex 131.53783685050732 -1.3360418950138098 73.0
    vertex 130.00504883236707 -2.0970281140705267 0.0
    vertex 131.53783685050732 -1.3360418950138098 0.0
  endloop
endfacet
facet normal 0.4446837671259732 -0.895687639333408 0.0
  outer loop
    vertex 130.00504883236707 -2.0970281140705267 0.0
    vertex 131.53783685050732 -1.3360418950138098 73.0
    vertex 130.00504883236707 -2.0970281140705267 73.0
  endloop
endfacet
facet normal -0.19509032201613 -0.9807852804032301 -0.0
  outer loop
    vertex 8.303159501139326 -2.888783197859539 73.0
    vertex 6.6353524136672295 -2.557035741757889 0.0
    vertex 8.303159501139326 -2.888783197859539 0.0
  endloop
endfacet
facet normal -0.19509032201613 -0.9807852804032301 -0.0
  outer loop
    vertex 6.6353524136672295 -2.557035741757889 0.0
    vertex 8.303159501139326 -2.888783197859539 73.0
    vertex 6.6353524136672295 -2.557035741757889 73.0
  endloop
endfacet
facet normal -1.3895045753485064e-33 -4.1776718224168696e-33 1.0
  outer loop
    vertex 0.0 9.999999999999996 3.0
    vertex 0.08555138626189318 91.30526192220051 3.0
    vertex -2.8199664825478975e-15 90.0 3.0
  endloop
endfacet
facet normal -1.3895045753485064e-33 -4.1776718224168696e-33 1.0
  outer loop
    vertex 0.08555138626189318 91.30526192220051 3.0
    vertex 0.0 9.999999999999996 3.0
    vertex 0.085551386261896 8.694738077799482 3.0
  endloop
endfacet
facet normal -1.3895045753485064e-33 -4.1776718224168696e-33 1.0
  outer loop
    vertex 0.08555138626189318 91.30526192220051 3.0
    vertex 0.085551386261896 8.694738077799482 3.0
    vertex 0.3407417371093147 92.5881904510252 3.0
  endloop
endfacet
facet normal -1.3895045753485064e-33 -4.1776718224168696e-33 1.0
  outer loop
    vertex 0.3407417371093147 92.5881904510252 3.0
    vertex 0.085551386261896 8.694738077799482 3.0
    vertex 0.34074173710931893 7.411809548974789 3.0
  endloop
endfacet
facet normal -1.3895045753485064e-33 -4.1776718224168696e-33 1.0
  outer loop
    vertex 0.3407417371093147 92.5881904510252 3.0
    vertex 0.34074173710931893 7.411809548974789 3.0
    vertex 0.7612046748871294 93.82683432365089 3.0
  endloop
endfacet
facet normal -1.3895045753485064e-33 -4.1776718224168696e-33 1.0
  outer loop
    vertex 0.7612046748871294 93.82683432365089 3.0
    vertex 0.34074173710931893 7.411809548974789 3.0
    vertex 0.7612046748871337 6.173165676349099 3.0
  endloop
endfacet
facet normal -1.3895045753485064e-33 -4.1776718224168696e-33 1.0
  outer loop
    vertex 0.7612046748871294 93.82683432365089 3.0
    vertex 0.7612046748871337 6.173165676349099 3.0
    vertex 1.3397459621556098 95.0 3.0
  endloop
endfacet
facet normal -1.3895045753485064e-33 -4.1776718224168696e-33 1.0
  outer loop
    vertex 1.3397459621556098 95.0 3.0
    vertex 0.7612046748871337 6.173165676349099 3.0
    vertex 1.3397459621556154 4.999999999999998 3.0
  endloop
endfacet
facet normal -1.3895045753485064e-33 -4.1776718224168696e-33 1.0
  outer loop
    vertex 1.3397459621556098 95.0 3.0
    vertex 1.3397459621556154 4.999999999999998 3.0
    vertex 2.0664665970876466 96.0876142900872 3.0
  endloop
endfacet
facet normal -1.3895045753485064e-33 -4.1776718224168696e-33 1.0
  outer loop
    vertex 2.0664665970876466 96.0876142900872 3.0
    vertex 1.3397459621556154 4.999999999999998 3.0
    vertex 2.0664665970876506 3.912385709912792 3.0
  endloop
endfacet
facet normal -1.3895045753485064e-33 -4.1776718224168696e-33 1.0
  outer loop
    vertex 2.0664665970876466 96.0876142900872 3.0
    vertex 2.0664665970876506 3.912385709912792 3.0
    vertex 2.9289321881345227 97.07106781186548 3.0
  endloop
endfacet
facet normal -1.3895045753485064e-33 -4.1776718224168696e-33 1.0
  outer loop
    vertex 2.9289321881345227 97.07106781186548 3.0
    vertex 2.0664665970876506 3.912385709912792 3.0
    vertex 2.9289321881345267 2.928932188134523 3.0
  endloop
endfacet
facet normal -1.3895045753485064e-33 -4.1776718224168696e-33 1.0
  outer loop
    vertex 2.9289321881345227 97.07106781186548 3.0
    vertex 2.9289321881345267 2.928932188134523 3.0
    vertex 3.912385709912792 97.93353340291235 3.0
  endloop
endfacet
facet normal -1.3895045753485064e-33 -4.1776718224168696e-33 1.0
  outer loop
    vertex 3.912385709912792 97.93353340291235 3.0
    vertex 2.9289321881345267 2.928932188134523 3.0
    vertex 3.9123857099127948 2.066466597087647 3.0
  endloop
endfacet
facet normal -1.3895045753485064e-33 -4.1776718224168696e-33 1.0
  outer loop
    vertex 3.912385709912792 97.93353340291235 3.0
    vertex 3.9123857099127948 2.066466597087647 3.0
    vertex 4.999999999999998 98.66025403784437 3.0
  endloop
endfacet
facet normal -1.3895045753485064e-33 -4.1776718224168696e-33 1.0
  outer loop
    vertex 4.999999999999998 98.66025403784437 3.0
    vertex 3.9123857099127948 2.066466597087647 3.0
    vertex 5.000000000000001 1.3397459621556114 3.0
  endloop
endfacet
facet normal -1.3895045753485064e-33 -4.1776718224168696e-33 1.0
  outer loop
    vertex 4.999999999999998 98.66025403784437 3.0
    vertex 5.000000000000001 1.3397459621556114 3.0
    vertex 6.173165676349099 99.23879532511287 3.0
  endloop
endfacet
facet normal -1.3895045753485064e-33 -4.1776718224168696e-33 1.0
  outer loop
    vertex 6.173165676349099 99.23879532511287 3.0
    vertex 5.000000000000001 1.3397459621556114 3.0
    vertex 6.173165676349104 0.7612046748871326 3.0
  endloop
endfacet
facet normal -1.3895045753485064e-33 -4.1776718224168696e-33 1.0
  outer loop
    vertex 6.173165676349099 99.23879532511287 3.0
    vertex 6.173165676349104 0.7612046748871326 3.0
    vertex 7.411809548974791 99.65925826289067 3.0
  endloop
endfacet
facet normal -1.3895045753485064e-33 -4.1776718224168696e-33 1.0
  outer loop
    vertex 7.411809548974791 99.65925826289067 3.0
    vertex 6.173165676349104 0.7612046748871326 3.0
    vertex 7.411809548974792 0.3407417371093165 3.0
  endloop
endfacet
facet normal -1.3895045753485064e-33 -4.1776718224168696e-33 1.0
  outer loop
    vertex 7.411809548974791 99.65925826289067 3.0
    vertex 7.411809548974792 0.3407417371093165 3.0
    vertex 8.694738077799483 99.9144486137381 3.0
  endloop
endfacet
facet normal -1.3895045753485064e-33 -4.1776718224168696e-33 1.0
  outer loop
    vertex 8.694738077799483 99.9144486137381 3.0
    vertex 7.411809548974792 0.3407417371093165 3.0
    vertex 8.694738077799483 0.085551386261896 3.0
  endloop
endfacet
facet normal -1.3895045753485064e-33 -4.1776718224168696e-33 1.0
  outer loop
    vertex 8.694738077799483 99.9144486137381 3.0
    vertex 8.694738077799483 0.085551386261896 3.0
    vertex 9.999999999999996 -1.4099832412739487e-15 3.0
  endloop
endfacet
facet normal -1.3895045753485064e-33 -4.1776718224168696e-33 1.0
  outer loop
    vertex 8.694738077799483 99.9144486137381 3.0
    vertex 9.999999999999996 -1.4099832412739487e-15 3.0
    vertex 10.0 100.0 3.0
  endloop
endfacet
facet normal -1.3895045753485064e-33 -4.1776718224168696e-33 1.0
  outer loop
    vertex 10.0 100.0 3.0
    vertex 9.999999999999996 -1.4099832412739487e-15 3.0
    vertex 126.31288629578717 -0.005487459961777963 3.0
  endloop
endfacet
facet normal -1.3895045753485064e-33 -4.1776718224168696e-33 1.0
  outer loop
    vertex 10.0 100.0 3.0
    vertex 126.31288629578717 -0.005487459961777963 3.0
    vertex 125.0 100.0 3.0
  endloop
endfacet
facet normal -1.3895045753485064e-33 -4.1776718224168696e-33 1.0
  outer loop
    vertex 125.0 100.0 3.0
    vertex 126.31288629578717 -0.005487459961777963 3.0
    vertex 126.3052619222005 99.9144486137381 3.0
  endloop
endfacet
facet normal -1.3895045753485064e-33 -4.1776718224168696e-33 1.0
  outer loop
    vertex 126.3052619222005 99.9144486137381 3.0
    vertex 126.31288629578717 -0.005487459961777963 3.0
    vertex 127.5881904510252 99.65925826289067 3.0
  endloop
endfacet
facet normal -1.3895045753485064e-33 -4.1776718224168696e-33 1.0
  outer loop
    vertex 127.5881904510252 99.65925826289067 3.0
    vertex 126.31288629578717 -0.005487459961777963 3.0
    vertex 126.34030944556828 0.0 3.0
  endloop
endfacet
facet normal -1.3895045753485064e-33 -4.1776718224168696e-33 1.0
  outer loop
    vertex 127.5881904510252 99.65925826289067 3.0
    vertex 126.34030944556828 0.0 3.0
    vertex 127.60304630936216 0.25267768427895354 3.0
  endloop
endfacet
facet normal -1.3895045753485064e-33 -4.1776718224168696e-33 1.0
  outer loop
    vertex 127.5881904510252 99.65925826289067 3.0
    vertex 127.60304630936216 0.25267768427895354 3.0
    vertex 128.8268343236509 99.23879532511287 3.0
  endloop
endfacet
facet normal -1.3895045753485064e-33 -4.1776718224168696e-33 1.0
  outer loop
    vertex 128.8268343236509 99.23879532511287 3.0
    vertex 127.60304630936216 0.25267768427895354 3.0
    vertex 128.84814715427356 0.6779846185388367 3.0
  endloop
endfacet
facet normal -1.3895045753485064e-33 -4.1776718224168696e-33 1.0
  outer loop
    vertex 128.8268343236509 99.23879532511287 3.0
    vertex 128.84814715427356 0.6779846185388367 3.0
    vertex 130.0 98.66025403784437 3.0
  endloop
endfacet
facet normal -1.3895045753485064e-33 -4.1776718224168696e-33 1.0
  outer loop
    vertex 130.0 98.66025403784437 3.0
    vertex 128.84814715427356 0.6779846185388367 3.0
    vertex 130.02663592584497 1.2630712083772808 3.0
  endloop
endfacet
facet normal -1.3895045753485064e-33 -4.1776718224168696e-33 1.0
  outer loop
    vertex 130.0 98.66025403784437 3.0
    vertex 130.02663592584497 1.2630712083772808 3.0
    vertex 131.0876142900872 97.93353340291235 3.0
  endloop
endfacet
facet normal -1.3895045753485064e-33 -4.1776718224168696e-33 1.0
  outer loop
    vertex 131.0876142900872 97.93353340291235 3.0
    vertex 130.02663592584497 1.2630712083772808 3.0
    vertex 131.11811278557354 1.9978095066888089 3.0
  endloop
endfacet
facet normal -1.3895045753485064e-33 -4.1776718224168696e-33 1.0
  outer loop
    vertex 131.0876142900872 97.93353340291235 3.0
    vertex 131.11811278557354 1.9978095066888089 3.0
    vertex 132.07106781186548 97.07106781186548 3.0
  endloop
endfacet
facet normal -1.3895045753485064e-33 -4.1776718224168696e-33 1.0
  outer loop
    vertex 132.07106781186548 97.07106781186548 3.0
    vertex 131.11811278557354 1.9978095066888089 3.0
    vertex 132.10368408575965 2.869481070167926 3.0
  endloop
endfacet
facet normal -1.3895045753485064e-33 -4.1776718224168696e-33 1.0
  outer loop
    vertex 132.07106781186548 97.07106781186548 3.0
    vertex 132.10368408575965 2.869481070167926 3.0
    vertex 132.93353340291233 96.0876142900872 3.0
  endloop
endfacet
facet normal -1.3895045753485064e-33 -4.1776718224168696e-33 1.0
  outer loop
    vertex 132.93353340291233 96.0876142900872 3.0
    vertex 132.10368408575965 2.869481070167926 3.0
    vertex 132.96628942172077 3.8629971176981392 3.0
  endloop
endfacet
facet normal -1.3895045753485064e-33 -4.1776718224168696e-33 1.0
  outer loop
    vertex 132.93353340291233 96.0876142900872 3.0
    vertex 132.96628942172077 3.8629971176981392 3.0
    vertex 133.66025403784437 95.0 3.0
  endloop
endfacet
facet normal -1.3895045753485064e-33 -4.1776718224168696e-33 1.0
  outer loop
    vertex 133.66025403784437 95.0 3.0
    vertex 132.96628942172077 3.8629971176981392 3.0
    vertex 133.69099695026097 4.9611597196864885 3.0
  endloop
endfacet
facet normal -1.3895045753485064e-33 -4.1776718224168696e-33 1.0
  outer loop
    vertex 133.66025403784437 95.0 3.0
    vertex 133.69099695026097 4.9611597196864885 3.0
    vertex 134.23879532511287 93.82683432365089 3.0
  endloop
endfacet
facet normal -1.3895045753485064e-33 -4.1776718224168696e-33 1.0
  outer loop
    vertex 134.23879532511287 93.82683432365089 3.0
    vertex 133.69099695026097 4.9611597196864885 3.0
    vertex 134.26526186238362 6.144959497112302 3.0
  endloop
endfacet
facet normal -1.3895045753485064e-33 -4.1776718224168696e-33 1.0
  outer loop
    vertex 134.23879532511287 93.82683432365089 3.0
    vertex 134.26526186238362 6.144959497112302 3.0
    vertex 134.6592582628907 92.5881904510252 3.0
  endloop
endfacet
facet normal -1.3895045753485064e-33 -4.1776718224168696e-33 1.0
  outer loop
    vertex 134.6592582628907 92.5881904510252 3.0
    vertex 134.26526186238362 6.144959497112302 3.0
    vertex 134.6791435360415 7.3939046770697 3.0
  endloop
endfacet
facet normal -1.3895045753485064e-33 -4.1776718224168696e-33 1.0
  outer loop
    vertex 134.6592582628907 92.5881904510252 3.0
    vertex 134.6791435360415 7.3939046770697 3.0
    vertex 134.9144486137381 91.30526192220051 3.0
  endloop
endfacet
facet normal -1.3895045753485064e-33 -4.1776718224168696e-33 1.0
  outer loop
    vertex 134.9144486137381 91.30526192220051 3.0
    vertex 134.6791435360415 7.3939046770697 3.0
    vertex 134.92547760997326 8.686375808797145 3.0
  endloop
endfacet
facet normal -1.3895045753485064e-33 -4.1776718224168696e-33 1.0
  outer loop
    vertex 134.9144486137381 91.30526192220051 3.0
    vertex 134.92547760997326 8.686375808797145 3.0
    vertex 135.0 90.0 3.0
  endloop
endfacet
facet normal -1.3895045753485064e-33 -4.1776718224168696e-33 1.0
  outer loop
    vertex 135.0 90.0 3.0
    vertex 134.92547760997326 8.686375808797145 3.0
    vertex 135.0 10.0 3.0
  endloop
endfacet
facet normal 0.997858923238604 0.06540312923013672 0.0
  outer loop
    vertex 137.88878319785954 91.69684049886067 0.0
    vertex 138.0 90.0 73.0
    vertex 138.0 90.0 0.0
  endloop
endfacet
facet normal 0.997858923238604 0.06540312923013672 0.0
  outer loop
    vertex 138.0 90.0 73.0
    vertex 137.88878319785954 91.69684049886067 0.0
    vertex 137.88878319785954 91.69684049886067 73.0
  endloop
endfacet
facet normal 0.8314696123025463 0.5555702330196007 0.0
  outer loop
    vertex 135.31359342378605 97.91389857711336 0.0
    vertex 136.2583302491977 96.49999999999999 73.0
    vertex 136.2583302491977 96.49999999999999 0.0
  endloop
endfacet
facet normal 0.8314696123025463 0.5555702330196007 0.0
  outer loop
    vertex 136.2583302491977 96.49999999999999 73.0
    vertex 135.31359342378605 97.91389857711336 0.0
    vertex 135.31359342378605 97.91389857711336 73.0
  endloop
endfacet
facet normal 0.7518398074789763 0.6593458151000702 0.0
  outer loop
    vertex 134.1923881554251 99.1923881554251 0.0
    vertex 135.31359342378605 97.91389857711336 73.0
    vertex 135.31359342378605 97.91389857711336 0.0
  endloop
endfacet
facet normal 0.7518398074789763 0.6593458151000702 0.0
  outer loop
    vertex 135.31359342378605 97.91389857711336 73.0
    vertex 134.1923881554251 99.1923881554251 0.0
    vertex 134.1923881554251 99.1923881554251 73.0
  endloop
endfacet
facet normal 0.6593458151000632 0.7518398074789824 0.0
  outer loop
    vertex 132.91389857711334 100.31359342378603 73.0
    vertex 134.1923881554251 99.1923881554251 0.0
    vertex 132.91389857711334 100.31359342378603 0.0
  endloop
endfacet
facet normal 0.6593458151000632 0.7518398074789824 0.0
  outer loop
    vertex 134.1923881554251 99.1923881554251 0.0
    vertex 132.91389857711334 100.31359342378603 73.0
    vertex 134.1923881554251 99.1923881554251 73.0
  endloop
endfacet
facet normal 0.32143946530315226 0.9469301294951089 0.0
  outer loop
    vertex 128.36464758633275 102.55703574175787 73.0
    vertex 129.97488462074617 102.01043392264673 0.0
    vertex 128.36464758633275 102.55703574175787 0.0
  endloop
endfacet
facet normal 0.32143946530315226 0.9469301294951089 0.0
  outer loop
    vertex 129.97488462074617 102.01043392264673 0.0
    vertex 128.36464758633275 102.55703574175787 73.0
    vertex 129.97488462074617 102.01043392264673 73.0
  endloop
endfacet
facet normal 0.44228869021900175 0.8968727415326881 0.0
  outer loop
    vertex 129.97488462074617 102.01043392264673 73.0
    vertex 131.5 101.2583302491977 0.0
    vertex 129.97488462074617 102.01043392264673 0.0
  endloop
endfacet
facet normal 0.44228869021900175 0.8968727415326881 0.0
  outer loop
    vertex 131.5 101.2583302491977 0.0
    vertex 129.97488462074617 102.01043392264673 73.0
    vertex 131.5 101.2583302491977 73.0
  endloop
endfacet
facet normal 0.9469301294951081 0.32143946530315426 0.0
  outer loop
    vertex 137.01043392264674 94.97488462074615 0.0
    vertex 137.5570357417579 93.36464758633277 73.0
    vertex 137.5570357417579 93.36464758633277 0.0
  endloop
endfacet
facet normal 0.9469301294951081 0.32143946530315426 0.0
  outer loop
    vertex 137.5570357417579 93.36464758633277 73.0
    vertex 137.01043392264674 94.97488462074615 0.0
    vertex 137.01043392264674 94.97488462074615 73.0
  endloop
endfacet
facet normal 0.5555702330196114 0.8314696123025391 0.0
  outer loop
    vertex 131.5 101.2583302491977 73.0
    vertex 132.91389857711334 100.31359342378603 0.0
    vertex 131.5 101.2583302491977 0.0
  endloop
endfacet
facet normal 0.5555702330196114 0.8314696123025391 0.0
  outer loop
    vertex 132.91389857711334 100.31359342378603 0.0
    vertex 131.5 101.2583302491977 73.0
    vertex 132.91389857711334 100.31359342378603 73.0
  endloop
endfacet
facet normal 0.8968727415326868 0.44228869021900435 0.0
  outer loop
    vertex 136.2583302491977 96.49999999999999 0.0
    vertex 137.01043392264674 94.97488462074615 73.0
    vertex 137.01043392264674 94.97488462074615 0.0
  endloop
endfacet
facet normal 0.8968727415326868 0.44228869021900435 0.0
  outer loop
    vertex 137.01043392264674 94.97488462074615 73.0
    vertex 136.2583302491977 96.49999999999999 0.0
    vertex 136.2583302491977 96.49999999999999 73.0
  endloop
endfacet
facet normal 0.19509032201612636 0.9807852804032309 0.0
  outer loop
    vertex 126.69684049886067 102.88878319785951 73.0
    vertex 128.36464758633275 102.55703574175787 0.0
    vertex 126.69684049886067 102.88878319785951 0.0
  endloop
endfacet
facet normal 0.19509032201612636 0.9807852804032309 0.0
  outer loop
    vertex 128.36464758633275 102.55703574175787 0.0
    vertex 126.69684049886067 102.88878319785951 73.0
    vertex 128.36464758633275 102.55703574175787 73.0
  endloop
endfacet
facet normal 0.9807852804032285 0.19509032201613782 0.0
  outer loop
    vertex 137.5570357417579 93.36464758633277 0.0
    vertex 137.88878319785954 91.69684049886067 73.0
    vertex 137.88878319785954 91.69684049886067 0.0
  endloop
endfacet
facet normal 0.9807852804032285 0.19509032201613782 0.0
  outer loop
    vertex 137.88878319785954 91.69684049886067 73.0
    vertex 137.5570357417579 93.36464758633277 0.0
    vertex 137.5570357417579 93.36464758633277 73.0
  endloop
endfacet
facet normal -2.325136891901739e-33 8.147896431419559e-33 1.0
  outer loop
    vertex -2.8887831978595355 8.303159501139325 73.0
    vertex -2.9999999999999973 90.0 73.0
    vertex -3.0000000000000013 9.999999999999995 73.0
  endloop
endfacet
facet normal -2.325136891901739e-33 8.147896431419559e-33 1.0
  outer loop
    vertex -2.9999999999999973 90.0 73.0
    vertex -2.8887831978595355 8.303159501139325 73.0
    vertex -2.888783197859532 91.69684049886065 73.0
  endloop
endfacet
facet normal -2.325136891901739e-33 8.147896431419559e-33 1.0
  outer loop
    vertex -2.888783197859532 91.69684049886065 73.0
    vertex -2.8887831978595355 8.303159501139325 73.0
    vertex -2.5570357417578875 6.635352413667225 73.0
  endloop
endfacet
facet normal -2.325136891901739e-33 8.147896431419559e-33 1.0
  outer loop
    vertex -2.888783197859532 91.69684049886065 73.0
    vertex -2.5570357417578875 6.635352413667225 73.0
    vertex -2.557035741757886 93.36464758633277 73.0
  endloop
endfacet
facet normal -2.325136891901739e-33 8.147896431419559e-33 1.0
  outer loop
    vertex -2.557035741757886 93.36464758633277 73.0
    vertex -2.5570357417578875 6.635352413667225 73.0
    vertex -2.0104339226467287 5.025115379253829 73.0
  endloop
endfacet
facet normal -2.325136891901739e-33 8.147896431419559e-33 1.0
  outer loop
    vertex -2.557035741757886 93.36464758633277 73.0
    vertex -2.0104339226467287 5.025115379253829 73.0
    vertex -2.010433922646725 94.97488462074615 73.0
  endloop
endfacet
facet normal -2.325136891901739e-33 8.147896431419559e-33 1.0
  outer loop
    vertex -2.010433922646725 94.97488462074615 73.0
    vertex -2.0104339226467287 5.025115379253829 73.0
    vertex -1.2583302491977006 3.499999999999998 73.0
  endloop
endfacet
facet normal -2.325136891901739e-33 8.147896431419559e-33 1.0
  outer loop
    vertex -2.010433922646725 94.97488462074615 73.0
    vertex -1.2583302491977006 3.499999999999998 73.0
    vertex -1.2583302491977006 96.49999999999999 73.0
  endloop
endfacet
facet normal -2.325136891901739e-33 8.147896431419559e-33 1.0
  outer loop
    vertex -1.2583302491977006 96.49999999999999 73.0
    vertex -1.2583302491977006 3.499999999999998 73.0
    vertex -0.31359342378605637 2.0861014228866286 73.0
  endloop
endfacet
facet normal -2.325136891901739e-33 8.147896431419559e-33 1.0
  outer loop
    vertex -1.2583302491977006 96.49999999999999 73.0
    vertex -0.31359342378605637 2.0861014228866286 73.0
    vertex -0.31359342378605426 97.91389857711336 73.0
  endloop
endfacet
facet normal -2.325136891901739e-33 8.147896431419559e-33 1.0
  outer loop
    vertex -0.31359342378605426 97.91389857711336 73.0
    vertex -0.31359342378605637 2.0861014228866286 73.0
    vertex 0.0 9.999999999999996 73.0
  endloop
endfacet
facet normal -2.325136891901739e-33 8.147896431419559e-33 1.0
  outer loop
    vertex 0.0 9.999999999999996 73.0
    vertex -0.31359342378605637 2.0861014228866286 73.0
    vertex 0.085551386261896 8.694738077799482 73.0
  endloop
endfacet
facet normal -2.325136891901739e-33 8.147896431419559e-33 1.0
  outer loop
    vertex 0.085551386261896 8.694738077799482 73.0
    vertex -0.31359342378605637 2.0861014228866286 73.0
    vertex 0.8076118445748847 0.8076118445748793 73.0
  endloop
endfacet
facet normal -2.325136891901739e-33 8.147896431419559e-33 1.0
  outer loop
    vertex -0.31359342378605426 97.91389857711336 73.0
    vertex 0.0 9.999999999999996 73.0
    vertex -2.8199664825478975e-15 90.0 73.0
  endloop
endfacet
facet normal -2.325136891901739e-33 8.147896431419559e-33 1.0
  outer loop
    vertex 0.085551386261896 8.694738077799482 73.0
    vertex 0.8076118445748847 0.8076118445748793 73.0
    vertex 0.34074173710931893 7.411809548974789 73.0
  endloop
endfacet
facet normal -2.325136891901739e-33 8.147896431419559e-33 1.0
  outer loop
    vertex 0.34074173710931893 7.411809548974789 73.0
    vertex 0.8076118445748847 0.8076118445748793 73.0
    vertex 0.7612046748871337 6.173165676349099 73.0
  endloop
endfacet
facet normal -2.325136891901739e-33 8.147896431419559e-33 1.0
  outer loop
    vertex 0.7612046748871337 6.173165676349099 73.0
    vertex 0.8076118445748847 0.8076118445748793 73.0
    vertex 1.3397459621556154 4.999999999999998 73.0
  endloop
endfacet
facet normal -2.325136891901739e-33 8.147896431419559e-33 1.0
  outer loop
    vertex 1.3397459621556154 4.999999999999998 73.0
    vertex 0.8076118445748847 0.8076118445748793 73.0
    vertex 2.0861014228866326 -0.3135934237860585 73.0
  endloop
endfacet
facet normal -2.325136891901739e-33 8.147896431419559e-33 1.0
  outer loop
    vertex 1.3397459621556154 4.999999999999998 73.0
    vertex 2.0861014228866326 -0.3135934237860585 73.0
    vertex 2.0664665970876506 3.912385709912792 73.0
  endloop
endfacet
facet normal -2.325136891901739e-33 8.147896431419559e-33 1.0
  outer loop
    vertex 2.0664665970876506 3.912385709912792 73.0
    vertex 2.0861014228866326 -0.3135934237860585 73.0
    vertex 2.9289321881345267 2.928932188134523 73.0
  endloop
endfacet
facet normal -2.325136891901739e-33 8.147896431419559e-33 1.0
  outer loop
    vertex 2.9289321881345267 2.928932188134523 73.0
    vertex 2.0861014228866326 -0.3135934237860585 73.0
    vertex 3.5000000000000004 -1.2583302491977049 73.0
  endloop
endfacet
facet normal -2.325136891901739e-33 8.147896431419559e-33 1.0
  outer loop
    vertex 2.9289321881345267 2.928932188134523 73.0
    vertex 3.5000000000000004 -1.2583302491977049 73.0
    vertex 3.9123857099127948 2.066466597087647 73.0
  endloop
endfacet
facet normal -2.325136891901739e-33 8.147896431419559e-33 1.0
  outer loop
    vertex 3.9123857099127948 2.066466597087647 73.0
    vertex 3.5000000000000004 -1.2583302491977049 73.0
    vertex 5.025115379253832 -2.010433922646731 73.0
  endloop
endfacet
facet normal -2.325136891901739e-33 8.147896431419559e-33 1.0
  outer loop
    vertex 3.9123857099127948 2.066466597087647 73.0
    vertex 5.025115379253832 -2.010433922646731 73.0
    vertex 5.000000000000001 1.3397459621556114 73.0
  endloop
endfacet
facet normal -2.325136891901739e-33 8.147896431419559e-33 1.0
  outer loop
    vertex 5.000000000000001 1.3397459621556114 73.0
    vertex 5.025115379253832 -2.010433922646731 73.0
    vertex 6.173165676349104 0.7612046748871326 73.0
  endloop
endfacet
facet normal -2.325136891901739e-33 8.147896431419559e-33 1.0
  outer loop
    vertex 6.173165676349104 0.7612046748871326 73.0
    vertex 5.025115379253832 -2.010433922646731 73.0
    vertex 6.6353524136672295 -2.557035741757889 73.0
  endloop
endfacet
facet normal -2.325136891901739e-33 8.147896431419559e-33 1.0
  outer loop
    vertex 6.173165676349104 0.7612046748871326 73.0
    vertex 6.6353524136672295 -2.557035741757889 73.0
    vertex 7.411809548974792 0.3407417371093165 73.0
  endloop
endfacet
facet normal -2.325136891901739e-33 8.147896431419559e-33 1.0
  outer loop
    vertex 7.411809548974792 0.3407417371093165 73.0
    vertex 6.6353524136672295 -2.557035741757889 73.0
    vertex 8.303159501139326 -2.888783197859539 73.0
  endloop
endfacet
facet normal -2.325136891901739e-33 8.147896431419559e-33 1.0
  outer loop
    vertex 7.411809548974792 0.3407417371093165 73.0
    vertex 8.303159501139326 -2.888783197859539 73.0
    vertex 8.694738077799483 0.085551386261896 73.0
  endloop
endfacet
facet normal -2.325136891901739e-33 8.147896431419559e-33 1.0
  outer loop
    vertex 8.694738077799483 0.085551386261896 73.0
    vertex 8.303159501139326 -2.888783197859539 73.0
    vertex 9.999999999999996 -3.000000000000003 73.0
  endloop
endfacet
facet normal -2.325136891901739e-33 8.147896431419559e-33 1.0
  outer loop
    vertex 8.694738077799483 0.085551386261896 73.0
    vertex 9.999999999999996 -3.000000000000003 73.0
    vertex 9.999999999999996 -1.4099832412739487e-15 73.0
  endloop
endfacet
facet normal -2.325136891901739e-33 8.147896431419559e-33 1.0
  outer loop
    vertex 9.999999999999996 -1.4099832412739487e-15 73.0
    vertex 9.999999999999996 -3.000000000000003 73.0
    vertex 126.61002506327134 -3.0055014818425536 73.0
  endloop
endfacet
facet normal -2.325136891901739e-33 8.147896431419559e-33 1.0
  outer loop
    vertex 9.999999999999996 -1.4099832412739487e-15 73.0
    vertex 126.61002506327134 -3.0055014818425536 73.0
    vertex 126.31288629578717 -0.005487459961777963 73.0
  endloop
endfacet
facet normal -2.325136891901739e-33 8.147896431419559e-33 1.0
  outer loop
    vertex 126.31288629578717 -0.005487459961777963 73.0
    vertex 126.61002506327134 -3.0055014818425536 73.0
    vertex 126.34030944556828 0.0 73.0
  endloop
endfacet
facet normal -2.325136891901739e-33 8.147896431419559e-33 1.0
  outer loop
    vertex 126.34030944556828 0.0 73.0
    vertex 126.61002506327134 -3.0055014818425536 73.0
    vertex 127.60304630936216 0.25267768427895354 73.0
  endloop
endfacet
facet normal -2.325136891901739e-33 8.147896431419559e-33 1.0
  outer loop
    vertex 127.60304630936216 0.25267768427895354 73.0
    vertex 126.61002506327134 -3.0055014818425536 73.0
    vertex 126.92894974706617 -2.9416836327947435 73.0
  endloop
endfacet
facet normal -2.325136891901739e-33 8.147896431419559e-33 1.0
  outer loop
    vertex 127.60304630936216 0.25267768427895354 73.0
    vertex 126.92894974706617 -2.9416836327947435 73.0
    vertex 128.38562257859647 -2.650198741225736 73.0
  endloop
endfacet
facet normal -2.325136891901739e-33 8.147896431419559e-33 1.0
  outer loop
    vertex 127.60304630936216 0.25267768427895354 73.0
    vertex 128.38562257859647 -2.650198741225736 73.0
    vertex 128.84814715427356 0.6779846185388367 73.0
  endloop
endfacet
facet normal -2.325136891901739e-33 8.147896431419559e-33 1.0
  outer loop
    vertex 128.84814715427356 0.6779846185388367 73.0
    vertex 128.38562257859647 -2.650198741225736 73.0
    vertex 130.00504883236707 -2.0970281140705267 73.0
  endloop
endfacet
facet normal -2.325136891901739e-33 8.147896431419559e-33 1.0
  outer loop
    vertex 128.84814715427356 0.6779846185388367 73.0
    vertex 130.00504883236707 -2.0970281140705267 73.0
    vertex 130.02663592584497 1.2630712083772808 73.0
  endloop
endfacet
facet normal -2.325136891901739e-33 8.147896431419559e-33 1.0
  outer loop
    vertex 130.02663592584497 1.2630712083772808 73.0
    vertex 130.00504883236707 -2.0970281140705267 73.0
    vertex 131.53783685050732 -1.3360418950138098 73.0
  endloop
endfacet
facet normal -2.325136891901739e-33 8.147896431419559e-33 1.0
  outer loop
    vertex 130.02663592584497 1.2630712083772808 73.0
    vertex 131.53783685050732 -1.3360418950138098 73.0
    vertex 131.11811278557354 1.9978095066888089 73.0
  endloop
endfacet
facet normal -2.325136891901739e-33 8.147896431419559e-33 1.0
  outer loop
    vertex 131.11811278557354 1.9978095066888089 73.0
    vertex 131.53783685050732 -1.3360418950138098 73.0
    vertex 132.10368408575965 2.869481070167926 73.0
  endloop
endfacet
facet normal -2.325136891901739e-33 8.147896431419559e-33 1.0
  outer loop
    vertex 132.10368408575965 2.869481070167926 73.0
    vertex 131.53783685050732 -1.3360418950138098 73.0
    vertex 132.95745381506993 -0.38041288327617023 73.0
  endloop
endfacet
facet normal -2.325136891901739e-33 8.147896431419559e-33 1.0
  outer loop
    vertex 132.10368408575965 2.869481070167926 73.0
    vertex 132.95745381506993 -0.38041288327617023 73.0
    vertex 132.96628942172077 3.8629971176981392 73.0
  endloop
endfacet
facet normal -2.325136891901739e-33 8.147896431419559e-33 1.0
  outer loop
    vertex 132.96628942172077 3.8629971176981392 73.0
    vertex 132.95745381506993 -0.38041288327617023 73.0
    vertex 134.23932591804626 0.7533168225001905 73.0
  endloop
endfacet
facet normal -2.325136891901739e-33 8.147896431419559e-33 1.0
  outer loop
    vertex 132.96628942172077 3.8629971176981392 73.0
    vertex 134.23932591804626 0.7533168225001905 73.0
    vertex 133.69099695026097 4.9611597196864885 73.0
  endloop
endfacet
facet normal -2.325136891901739e-33 8.147896431419559e-33 1.0
  outer loop
    vertex 133.69099695026097 4.9611597196864885 73.0
    vertex 134.23932591804626 0.7533168225001905 73.0
    vertex 134.26526186238362 6.144959497112302 73.0
  endloop
endfacet
facet normal -2.325136891901739e-33 8.147896431419559e-33 1.0
  outer loop
    vertex 134.26526186238362 6.144959497112302 73.0
    vertex 134.23932591804626 0.7533168225001905 73.0
    vertex 135.36126373810885 2.0455221707563442 73.0
  endloop
endfacet
facet normal -2.325136891901739e-33 8.147896431419559e-33 1.0
  outer loop
    vertex 134.26526186238362 6.144959497112302 73.0
    vertex 135.36126373810885 2.0455221707563442 73.0
    vertex 134.6791435360415 7.3939046770697 73.0
  endloop
endfacet
facet normal -2.325136891901739e-33 8.147896431419559e-33 1.0
  outer loop
    vertex 134.6791435360415 7.3939046770697 73.0
    vertex 135.36126373810885 2.0455221707563442 73.0
    vertex 134.92547760997326 8.686375808797145 73.0
  endloop
endfacet
facet normal -2.325136891901739e-33 8.147896431419559e-33 1.0
  outer loop
    vertex 134.92547760997326 8.686375808797145 73.0
    vertex 135.36126373810885 2.0455221707563442 73.0
    vertex 135.0 10.0 73.0
  endloop
endfacet
facet normal -2.325136891901739e-33 8.147896431419559e-33 1.0
  outer loop
    vertex 135.0 10.0 73.0
    vertex 135.36126373810885 2.0455221707563442 73.0
    vertex 135.0 90.0 73.0
  endloop
endfacet
facet normal -2.325136891901739e-33 8.147896431419559e-33 1.0
  outer loop
    vertex 135.0 90.0 73.0
    vertex 135.36126373810885 2.0455221707563442 73.0
    vertex 135.31359342378605 97.91389857711336 73.0
  endloop
endfacet
facet normal -2.325136891901739e-33 8.147896431419559e-33 1.0
  outer loop
    vertex 135.31359342378605 97.91389857711336 73.0
    vertex 135.36126373810885 2.0455221707563442 73.0
    vertex 136.2583302491977 96.49999999999999 73.0
  endloop
endfacet
facet normal -2.325136891901739e-33 8.147896431419559e-33 1.0
  outer loop
    vertex 136.2583302491977 96.49999999999999 73.0
    vertex 135.36126373810885 2.0455221707563442 73.0
    vertex 136.30384634322039 3.473834869954193 73.0
  endloop
endfacet
facet normal -2.325136891901739e-33 8.147896431419559e-33 1.0
  outer loop
    vertex 136.2583302491977 96.49999999999999 73.0
    vertex 136.30384634322039 3.473834869954193 73.0
    vertex 137.01043392264674 94.97488462074615 73.0
  endloop
endfacet
facet normal -2.325136891901739e-33 8.147896431419559e-33 1.0
  outer loop
    vertex 137.01043392264674 94.97488462074615 73.0
    vertex 136.30384634322039 3.473834869954193 73.0
    vertex 137.0507574702278 5.013530587458504 73.0
  endloop
endfacet
facet normal -2.325136891901739e-33 8.147896431419559e-33 1.0
  outer loop
    vertex 137.01043392264674 94.97488462074615 73.0
    vertex 137.0507574702278 5.013530587458504 73.0
    vertex 137.5570357417579 93.36464758633277 73.0
  endloop
endfacet
facet normal -2.325136891901739e-33 8.147896431419559e-33 1.0
  outer loop
    vertex 137.5570357417579 93.36464758633277 73.0
    vertex 137.0507574702278 5.013530587458504 73.0
    vertex 137.5890679621171 6.6379569318861265 73.0
  endloop
endfacet
facet normal -2.325136891901739e-33 8.147896431419559e-33 1.0
  outer loop
    vertex 137.5570357417579 93.36464758633277 73.0
    vertex 137.5890679621171 6.6379569318861265 73.0
    vertex 137.88878319785954 91.69684049886067 73.0
  endloop
endfacet
facet normal -2.325136891901739e-33 8.147896431419559e-33 1.0
  outer loop
    vertex 137.88878319785954 91.69684049886067 73.0
    vertex 137.5890679621171 6.6379569318861265 73.0
    vertex 137.90945957389195 8.31899481047572 73.0
  endloop
endfacet
facet normal -2.325136891901739e-33 8.147896431419559e-33 1.0
  outer loop
    vertex 137.88878319785954 91.69684049886067 73.0
    vertex 137.90945957389195 8.31899481047572 73.0
    vertex 138.0 90.0 73.0
  endloop
endfacet
facet normal -2.325136891901739e-33 8.147896431419559e-33 1.0
  outer loop
    vertex 138.0 90.0 73.0
    vertex 137.90945957389195 8.31899481047572 73.0
    vertex 138.0 9.914972797422932 73.0
  endloop
endfacet
facet normal -2.325136891901739e-33 8.147896431419559e-33 1.0
  outer loop
    vertex -0.31359342378605426 97.91389857711336 73.0
    vertex 0.08555138626189318 91.30526192220051 73.0
    vertex 0.8076118445748832 99.1923881554251 73.0
  endloop
endfacet
facet normal -2.325136891901739e-33 8.147896431419559e-33 1.0
  outer loop
    vertex 0.08555138626189318 91.30526192220051 73.0
    vertex -0.31359342378605426 97.91389857711336 73.0
    vertex -2.8199664825478975e-15 90.0 73.0
  endloop
endfacet
facet normal -2.325136891901739e-33 8.147896431419559e-33 1.0
  outer loop
    vertex 0.8076118445748832 99.1923881554251 73.0
    vertex 0.08555138626189318 91.30526192220051 73.0
    vertex 0.3407417371093147 92.5881904510252 73.0
  endloop
endfacet
facet normal -2.325136891901739e-33 8.147896431419559e-33 1.0
  outer loop
    vertex 0.8076118445748832 99.1923881554251 73.0
    vertex 0.3407417371093147 92.5881904510252 73.0
    vertex 0.7612046748871294 93.82683432365089 73.0
  endloop
endfacet
facet normal -2.325136891901739e-33 8.147896431419559e-33 1.0
  outer loop
    vertex 0.8076118445748832 99.1923881554251 73.0
    vertex 0.7612046748871294 93.82683432365089 73.0
    vertex 1.3397459621556098 95.0 73.0
  endloop
endfacet
facet normal -2.325136891901739e-33 8.147896431419559e-33 1.0
  outer loop
    vertex 0.8076118445748832 99.1923881554251 73.0
    vertex 1.3397459621556098 95.0 73.0
    vertex 2.086101422886634 100.31359342378606 73.0
  endloop
endfacet
facet normal -2.325136891901739e-33 8.147896431419559e-33 1.0
  outer loop
    vertex 2.086101422886634 100.31359342378606 73.0
    vertex 1.3397459621556098 95.0 73.0
    vertex 2.0664665970876466 96.0876142900872 73.0
  endloop
endfacet
facet normal -2.325136891901739e-33 8.147896431419559e-33 1.0
  outer loop
    vertex 2.086101422886634 100.31359342378606 73.0
    vertex 2.0664665970876466 96.0876142900872 73.0
    vertex 2.9289321881345227 97.07106781186548 73.0
  endloop
endfacet
facet normal -2.325136891901739e-33 8.147896431419559e-33 1.0
  outer loop
    vertex 2.086101422886634 100.31359342378606 73.0
    vertex 2.9289321881345227 97.07106781186548 73.0
    vertex 3.500000000000002 101.2583302491977 73.0
  endloop
endfacet
facet normal -2.325136891901739e-33 8.147896431419559e-33 1.0
  outer loop
    vertex 3.500000000000002 101.2583302491977 73.0
    vertex 2.9289321881345227 97.07106781186548 73.0
    vertex 3.912385709912792 97.93353340291235 73.0
  endloop
endfacet
facet normal -2.325136891901739e-33 8.147896431419559e-33 1.0
  outer loop
    vertex 3.500000000000002 101.2583302491977 73.0
    vertex 3.912385709912792 97.93353340291235 73.0
    vertex 5.025115379253832 102.01043392264673 73.0
  endloop
endfacet
facet normal -2.325136891901739e-33 8.147896431419559e-33 1.0
  outer loop
    vertex 5.025115379253832 102.01043392264673 73.0
    vertex 3.912385709912792 97.93353340291235 73.0
    vertex 4.999999999999998 98.66025403784437 73.0
  endloop
endfacet
facet normal -2.325136891901739e-33 8.147896431419559e-33 1.0
  outer loop
    vertex 5.025115379253832 102.01043392264673 73.0
    vertex 4.999999999999998 98.66025403784437 73.0
    vertex 6.173165676349099 99.23879532511287 73.0
  endloop
endfacet
facet normal -2.325136891901739e-33 8.147896431419559e-33 1.0
  outer loop
    vertex 5.025115379253832 102.01043392264673 73.0
    vertex 6.173165676349099 99.23879532511287 73.0
    vertex 6.63535241366723 102.55703574175787 73.0
  endloop
endfacet
facet normal -2.325136891901739e-33 8.147896431419559e-33 1.0
  outer loop
    vertex 6.63535241366723 102.55703574175787 73.0
    vertex 6.173165676349099 99.23879532511287 73.0
    vertex 7.411809548974791 99.65925826289067 73.0
  endloop
endfacet
facet normal -2.325136891901739e-33 8.147896431419559e-33 1.0
  outer loop
    vertex 6.63535241366723 102.55703574175787 73.0
    vertex 7.411809548974791 99.65925826289067 73.0
    vertex 8.30315950113933 102.88878319785951 73.0
  endloop
endfacet
facet normal -2.325136891901739e-33 8.147896431419559e-33 1.0
  outer loop
    vertex 8.30315950113933 102.88878319785951 73.0
    vertex 7.411809548974791 99.65925826289067 73.0
    vertex 8.694738077799483 99.9144486137381 73.0
  endloop
endfacet
facet normal -2.325136891901739e-33 8.147896431419559e-33 1.0
  outer loop
    vertex 8.30315950113933 102.88878319785951 73.0
    vertex 8.694738077799483 99.9144486137381 73.0
    vertex 10.0 102.99999999999999 73.0
  endloop
endfacet
facet normal -2.325136891901739e-33 8.147896431419559e-33 1.0
  outer loop
    vertex 10.0 102.99999999999999 73.0
    vertex 8.694738077799483 99.9144486137381 73.0
    vertex 10.0 100.0 73.0
  endloop
endfacet
facet normal -2.325136891901739e-33 8.147896431419559e-33 1.0
  outer loop
    vertex 10.0 102.99999999999999 73.0
    vertex 10.0 100.0 73.0
    vertex 125.0 100.0 73.0
  endloop
endfacet
facet normal -2.325136891901739e-33 8.147896431419559e-33 1.0
  outer loop
    vertex 10.0 102.99999999999999 73.0
    vertex 125.0 100.0 73.0
    vertex 125.0 102.99999999999999 73.0
  endloop
endfacet
facet normal -2.325136891901739e-33 8.147896431419559e-33 1.0
  outer loop
    vertex 125.0 102.99999999999999 73.0
    vertex 125.0 100.0 73.0
    vertex 126.3052619222005 99.9144486137381 73.0
  endloop
endfacet
facet normal -2.325136891901739e-33 8.147896431419559e-33 1.0
  outer loop
    vertex 125.0 102.99999999999999 73.0
    vertex 126.3052619222005 99.9144486137381 73.0
    vertex 126.69684049886067 102.88878319785951 73.0
  endloop
endfacet
facet normal -2.325136891901739e-33 8.147896431419559e-33 1.0
  outer loop
    vertex 126.69684049886067 102.88878319785951 73.0
    vertex 126.3052619222005 99.9144486137381 73.0
    vertex 127.5881904510252 99.65925826289067 73.0
  endloop
endfacet
facet normal -2.325136891901739e-33 8.147896431419559e-33 1.0
  outer loop
    vertex 126.69684049886067 102.88878319785951 73.0
    vertex 127.5881904510252 99.65925826289067 73.0
    vertex 128.36464758633275 102.55703574175787 73.0
  endloop
endfacet
facet normal -2.325136891901739e-33 8.147896431419559e-33 1.0
  outer loop
    vertex 128.36464758633275 102.55703574175787 73.0
    vertex 127.5881904510252 99.65925826289067 73.0
    vertex 128.8268343236509 99.23879532511287 73.0
  endloop
endfacet
facet normal -2.325136891901739e-33 8.147896431419559e-33 1.0
  outer loop
    vertex 128.36464758633275 102.55703574175787 73.0
    vertex 128.8268343236509 99.23879532511287 73.0
    vertex 129.97488462074617 102.01043392264673 73.0
  endloop
endfacet
facet normal -2.325136891901739e-33 8.147896431419559e-33 1.0
  outer loop
    vertex 129.97488462074617 102.01043392264673 73.0
    vertex 128.8268343236509 99.23879532511287 73.0
    vertex 130.0 98.66025403784437 73.0
  endloop
endfacet
facet normal -2.325136891901739e-33 8.147896431419559e-33 1.0
  outer loop
    vertex 129.97488462074617 102.01043392264673 73.0
    vertex 130.0 98.66025403784437 73.0
    vertex 131.5 101.2583302491977 73.0
  endloop
endfacet
facet normal -2.325136891901739e-33 8.147896431419559e-33 1.0
  outer loop
    vertex 131.5 101.2583302491977 73.0
    vertex 130.0 98.66025403784437 73.0
    vertex 131.0876142900872 97.93353340291235 73.0
  endloop
endfacet
facet normal -2.325136891901739e-33 8.147896431419559e-33 1.0
  outer loop
    vertex 131.5 101.2583302491977 73.0
    vertex 131.0876142900872 97.93353340291235 73.0
    vertex 132.07106781186548 97.07106781186548 73.0
  endloop
endfacet
facet normal -2.325136891901739e-33 8.147896431419559e-33 1.0
  outer loop
    vertex 131.5 101.2583302491977 73.0
    vertex 132.07106781186548 97.07106781186548 73.0
    vertex 132.91389857711334 100.31359342378603 73.0
  endloop
endfacet
facet normal -2.325136891901739e-33 8.147896431419559e-33 1.0
  outer loop
    vertex 132.91389857711334 100.31359342378603 73.0
    vertex 132.07106781186548 97.07106781186548 73.0
    vertex 132.93353340291233 96.0876142900872 73.0
  endloop
endfacet
facet normal -2.325136891901739e-33 8.147896431419559e-33 1.0
  outer loop
    vertex 132.91389857711334 100.31359342378603 73.0
    vertex 132.93353340291233 96.0876142900872 73.0
    vertex 134.1923881554251 99.1923881554251 73.0
  endloop
endfacet
facet normal -2.325136891901739e-33 8.147896431419559e-33 1.0
  outer loop
    vertex 134.1923881554251 99.1923881554251 73.0
    vertex 132.93353340291233 96.0876142900872 73.0
    vertex 133.66025403784437 95.0 73.0
  endloop
endfacet
facet normal -2.325136891901739e-33 8.147896431419559e-33 1.0
  outer loop
    vertex 134.1923881554251 99.1923881554251 73.0
    vertex 133.66025403784437 95.0 73.0
    vertex 134.23879532511287 93.82683432365089 73.0
  endloop
endfacet
facet normal -2.325136891901739e-33 8.147896431419559e-33 1.0
  outer loop
    vertex 134.1923881554251 99.1923881554251 73.0
    vertex 134.23879532511287 93.82683432365089 73.0
    vertex 135.31359342378605 97.91389857711336 73.0
  endloop
endfacet
facet normal -2.325136891901739e-33 8.147896431419559e-33 1.0
  outer loop
    vertex 135.31359342378605 97.91389857711336 73.0
    vertex 134.23879532511287 93.82683432365089 73.0
    vertex 134.6592582628907 92.5881904510252 73.0
  endloop
endfacet
facet normal -2.325136891901739e-33 8.147896431419559e-33 1.0
  outer loop
    vertex 135.31359342378605 97.91389857711336 73.0
    vertex 134.6592582628907 92.5881904510252 73.0
    vertex 134.9144486137381 91.30526192220051 73.0
  endloop
endfacet
facet normal -2.325136891901739e-33 8.147896431419559e-33 1.0
  outer loop
    vertex 135.31359342378605 97.91389857711336 73.0
    vertex 134.9144486137381 91.30526192220051 73.0
    vertex 135.0 90.0 73.0
  endloop
endfacet
facet normal 0.6593458151000688 0.7518398074789775 -4.592843605146936e-33
  outer loop
    vertex 2.9289321881345267 2.928932188134523 73.0
    vertex 3.9123857099127948 2.066466597087647 3.0
    vertex 2.9289321881345267 2.928932188134523 3.0
  endloop
endfacet
facet normal 0.6593458151000688 0.7518398074789775 -4.592843605146936e-33
  outer loop
    vertex 3.9123857099127948 2.066466597087647 3.0
    vertex 2.9289321881345267 2.928932188134523 73.0
    vertex 3.9123857099127948 2.066466597087647 73.0
  endloop
endfacet
facet normal 0.19509032201612755 0.9807852804032305 -7.537725181213626e-33
  outer loop
    vertex 7.411809548974792 0.3407417371093165 73.0
    vertex 8.694738077799483 0.085551386261896 3.0
    vertex 7.411809548974792 0.3407417371093165 3.0
  endloop
endfacet
facet normal 0.19509032201612755 0.9807852804032305 -7.537725181213626e-33
  outer loop
    vertex 8.694738077799483 0.085551386261896 3.0
    vertex 7.411809548974792 0.3407417371093165 73.0
    vertex 8.694738077799483 0.085551386261896 73.0
  endloop
endfacet
facet normal 0.896872741532688 0.4422886902190018 -1.5183705420139297e-33
  outer loop
    vertex 0.7612046748871337 6.173165676349099 3.0
    vertex 1.3397459621556154 4.999999999999998 73.0
    vertex 1.3397459621556154 4.999999999999998 3.0
  endloop
endfacet
facet normal 0.896872741532688 0.4422886902190018 -1.5183705420139297e-33
  outer loop
    vertex 1.3397459621556154 4.999999999999998 73.0
    vertex 0.7612046748871337 6.173165676349099 3.0
    vertex 0.7612046748871337 6.173165676349099 73.0
  endloop
endfacet
facet normal 0.4422886902189999 0.8968727415326891 -6.279244459672577e-33
  outer loop
    vertex 5.000000000000001 1.3397459621556114 73.0
    vertex 6.173165676349104 0.7612046748871326 3.0
    vertex 5.000000000000001 1.3397459621556114 3.0
  endloop
endfacet
facet normal 0.4422886902189999 0.8968727415326891 -6.279244459672577e-33
  outer loop
    vertex 6.173165676349104 0.7612046748871326 3.0
    vertex 5.000000000000001 1.3397459621556114 73.0
    vertex 6.173165676349104 0.7612046748871326 73.0
  endloop
endfacet
facet normal 4.717843508512695e-05 0.9999999988870978 -6.125271325496702e-37
  outer loop
    vertex 9.999999999999996 -1.4099832412739487e-15 73.0
    vertex 126.31288629578717 -0.005487459961777963 3.0
    vertex 9.999999999999996 -1.4099832412739487e-15 3.0
  endloop
endfacet
facet normal 4.717843508512695e-05 0.9999999988870978 -6.125271325496702e-37
  outer loop
    vertex 126.31288629578717 -0.005487459961777963 3.0
    vertex 9.999999999999996 -1.4099832412739487e-15 73.0
    vertex 126.31288629578717 -0.005487459961777963 73.0
  endloop
endfacet
facet normal 0.8314696123025449 0.5555702330196027 -2.593448048963471e-33
  outer loop
    vertex 1.3397459621556154 4.999999999999998 3.0
    vertex 2.0664665970876506 3.912385709912792 73.0
    vertex 2.0664665970876506 3.912385709912792 3.0
  endloop
endfacet
facet normal 0.8314696123025449 0.5555702330196027 -2.593448048963471e-33
  outer loop
    vertex 2.0664665970876506 3.912385709912792 73.0
    vertex 1.3397459621556154 4.999999999999998 3.0
    vertex 1.3397459621556154 4.999999999999998 73.0
  endloop
endfacet
facet normal 0.9469301294951059 0.3214394653031613 -4.17313294118678e-34
  outer loop
    vertex 0.34074173710931893 7.411809548974789 3.0
    vertex 0.7612046748871337 6.173165676349099 73.0
    vertex 0.7612046748871337 6.173165676349099 3.0
  endloop
endfacet
facet normal 0.9469301294951059 0.3214394653031613 -4.17313294118678e-34
  outer loop
    vertex 0.7612046748871337 6.173165676349099 73.0
    vertex 0.34074173710931893 7.411809548974789 3.0
    vertex 0.34074173710931893 7.411809548974789 73.0
  endloop
endfacet
facet normal 0.9807852804032302 0.1950903220161294 6.9088429994002865e-34
  outer loop
    vertex 0.085551386261896 8.694738077799482 3.0
    vertex 0.34074173710931893 7.411809548974789 73.0
    vertex 0.34074173710931893 7.411809548974789 3.0
  endloop
endfacet
facet normal 0.9807852804032302 0.1950903220161294 6.9088429994002865e-34
  outer loop
    vertex 0.34074173710931893 7.411809548974789 73.0
    vertex 0.085551386261896 8.694738077799482 3.0
    vertex 0.085551386261896 8.694738077799482 73.0
  endloop
endfacet
facet normal 0.5555702330196027 0.8314696123025449 -5.4829514420773853e-33
  outer loop
    vertex 3.9123857099127948 2.066466597087647 73.0
    vertex 5.000000000000001 1.3397459621556114 3.0
    vertex 3.9123857099127948 2.066466597087647 3.0
  endloop
endfacet
facet normal 0.5555702330196027 0.8314696123025449 -5.4829514420773853e-33
  outer loop
    vertex 5.000000000000001 1.3397459621556114 3.0
    vertex 3.9123857099127948 2.066466597087647 73.0
    vertex 5.000000000000001 1.3397459621556114 73.0
  endloop
endfacet
facet normal 0.32143946530316264 0.9469301294951055 -6.968097863627278e-33
  outer loop
    vertex 6.173165676349104 0.7612046748871326 73.0
    vertex 7.411809548974792 0.3407417371093165 3.0
    vertex 6.173165676349104 0.7612046748871326 3.0
  endloop
endfacet
facet normal 0.32143946530316264 0.9469301294951055 -6.968097863627278e-33
  outer loop
    vertex 7.411809548974792 0.3407417371093165 3.0
    vertex 6.173165676349104 0.7612046748871326 73.0
    vertex 7.411809548974792 0.3407417371093165 73.0
  endloop
endfacet
facet normal 0.06540312923014431 0.9978589232386036 -1.0614275127722802e-34
  outer loop
    vertex 8.694738077799483 0.085551386261896 73.0
    vertex 9.999999999999996 -1.4099832412739487e-15 3.0
    vertex 8.694738077799483 0.085551386261896 3.0
  endloop
endfacet
facet normal 0.06540312923014431 0.9978589232386036 -1.0614275127722802e-34
  outer loop
    vertex 9.999999999999996 -1.4099832412739487e-15 3.0
    vertex 8.694738077799483 0.085551386261896 73.0
    vertex 9.999999999999996 -1.4099832412739487e-15 73.0
  endloop
endfacet
facet normal 0.7518398074789777 0.6593458151000686 -3.624150940755597e-33
  outer loop
    vertex 2.0664665970876506 3.912385709912792 3.0
    vertex 2.9289321881345267 2.928932188134523 73.0
    vertex 2.9289321881345267 2.928932188134523 3.0
  endloop
endfacet
facet normal 0.7518398074789777 0.6593458151000686 -3.624150940755597e-33
  outer loop
    vertex 2.9289321881345267 2.928932188134523 73.0
    vertex 2.0664665970876506 3.912385709912792 3.0
    vertex 2.0664665970876506 3.912385709912792 73.0
  endloop
endfacet
facet normal 0.9978589232386036 -0.06540312923014303 2.8530565185933772e-33
  outer loop
    vertex 0.08555138626189318 91.30526192220051 3.0
    vertex -2.8199664825478975e-15 90.0 73.0
    vertex -2.8199664825478975e-15 90.0 3.0
  endloop
endfacet
facet normal 0.9978589232386036 -0.06540312923014303 2.8530565185933772e-33
  outer loop
    vertex -2.8199664825478975e-15 90.0 73.0
    vertex 0.08555138626189318 91.30526192220051 3.0
    vertex 0.08555138626189318 91.30526192220051 73.0
  endloop
endfacet
facet normal 0.44228869021900447 -0.8968727415326869 8.336007960670764e-33
  outer loop
    vertex 6.173165676349099 99.23879532511287 73.0
    vertex 4.999999999999998 98.66025403784437 3.0
    vertex 6.173165676349099 99.23879532511287 3.0
  endloop
endfacet
facet normal 0.44228869021900447 -0.8968727415326869 8.336007960670764e-33
  outer loop
    vertex 4.999999999999998 98.66025403784437 3.0
    vertex 6.173165676349099 99.23879532511287 73.0
    vertex 4.999999999999998 98.66025403784437 73.0
  endloop
endfacet
facet normal -0.4422886902190002 -0.896872741532689 6.279244459672576e-33
  outer loop
    vertex 130.0 98.66025403784437 73.0
    vertex 128.8268343236509 99.23879532511287 3.0
    vertex 130.0 98.66025403784437 3.0
  endloop
endfacet
facet normal -0.4422886902190002 -0.896872741532689 6.279244459672576e-33
  outer loop
    vertex 128.8268343236509 99.23879532511287 3.0
    vertex 130.0 98.66025403784437 73.0
    vertex 128.8268343236509 99.23879532511287 73.0
  endloop
endfacet
facet normal 0.8314696123025438 -0.5555702330196045 6.460009389083249e-33
  outer loop
    vertex 2.0664665970876466 96.0876142900872 3.0
    vertex 1.3397459621556098 95.0 73.0
    vertex 1.3397459621556098 95.0 3.0
  endloop
endfacet
facet normal 0.8314696123025438 -0.5555702330196045 6.460009389083249e-33
  outer loop
    vertex 1.3397459621556098 95.0 73.0
    vertex 2.0664665970876466 96.0876142900872 3.0
    vertex 2.0664665970876466 96.0876142900872 73.0
  endloop
endfacet
facet normal 0.0 -1.0 8.147896431419559e-33
  outer loop
    vertex 125.0 100.0 73.0
    vertex 10.0 100.0 3.0
    vertex 125.0 100.0 3.0
  endloop
endfacet
facet normal 0.0 -1.0 8.147896431419559e-33
  outer loop
    vertex 10.0 100.0 3.0
    vertex 125.0 100.0 73.0
    vertex 10.0 100.0 73.0
  endloop
endfacet
facet normal -0.8314696123025452 -0.5555702330196022 2.593448048963465e-33
  outer loop
    vertex 132.93353340291233 96.0876142900872 73.0
    vertex 133.66025403784437 95.0 3.0
    vertex 133.66025403784437 95.0 73.0
  endloop
endfacet
facet normal -0.8314696123025452 -0.5555702330196022 2.593448048963465e-33
  outer loop
    vertex 133.66025403784437 95.0 3.0
    vertex 132.93353340291233 96.0876142900872 73.0
    vertex 132.93353340291233 96.0876142900872 3.0
  endloop
endfacet
facet normal -0.9978589232386033 -0.06540312923014732 -1.787260672077432e-33
  outer loop
    vertex 134.9144486137381 91.30526192220051 73.0
    vertex 135.0 90.0 3.0
    vertex 135.0 90.0 73.0
  endloop
endfacet
facet normal -0.9978589232386033 -0.06540312923014732 -1.787260672077432e-33
  outer loop
    vertex 135.0 90.0 3.0
    vertex 134.9144486137381 91.30526192220051 73.0
    vertex 134.9144486137381 91.30526192220051 3.0
  endloop
endfacet
facet normal 0.9978589232386036 0.06540312923014317 1.787260672077467e-33
  outer loop
    vertex 0.0 9.999999999999996 3.0
    vertex 0.085551386261896 8.694738077799482 73.0
    vertex 0.085551386261896 8.694738077799482 3.0
  endloop
endfacet
facet normal 0.9978589232386036 0.06540312923014317 1.787260672077467e-33
  outer loop
    vertex 0.085551386261896 8.694738077799482 73.0
    vertex 0.0 9.999999999999996 3.0
    vertex 0.0 9.999999999999996 73.0
  endloop
endfacet
facet normal 0.6593458151000692 -0.7518398074789772 7.65898216356732e-33
  outer loop
    vertex 3.912385709912792 97.93353340291235 73.0
    vertex 2.9289321881345227 97.07106781186548 3.0
    vertex 3.912385709912792 97.93353340291235 3.0
  endloop
endfacet
facet normal 0.6593458151000692 -0.7518398074789772 7.65898216356732e-33
  outer loop
    vertex 2.9289321881345227 97.07106781186548 3.0
    vertex 3.912385709912792 97.93353340291235 73.0
    vertex 2.9289321881345227 97.07106781186548 73.0
  endloop
endfacet
facet normal -0.19509032201612342 -0.9807852804032314 7.537725181213642e-33
  outer loop
    vertex 127.5881904510252 99.65925826289067 73.0
    vertex 126.3052619222005 99.9144486137381 3.0
    vertex 127.5881904510252 99.65925826289067 3.0
  endloop
endfacet
facet normal -0.19509032201612342 -0.9807852804032314 7.537725181213642e-33
  outer loop
    vertex 126.3052619222005 99.9144486137381 3.0
    vertex 127.5881904510252 99.65925826289067 73.0
    vertex 126.3052619222005 99.9144486137381 73.0
  endloop
endfacet
facet normal 0.9469301294951061 -0.3214394653031607 4.820797650403397e-33
  outer loop
    vertex 0.7612046748871294 93.82683432365089 3.0
    vertex 0.3407417371093147 92.5881904510252 73.0
    vertex 0.3407417371093147 92.5881904510252 3.0
  endloop
endfacet
facet normal 0.9469301294951061 -0.3214394653031607 4.820797650403397e-33
  outer loop
    vertex 0.3407417371093147 92.5881904510252 73.0
    vertex 0.7612046748871294 93.82683432365089 3.0
    vertex 0.7612046748871294 93.82683432365089 73.0
  endloop
endfacet
facet normal 0.19509032201612425 -0.9807852804032313 8.444948591159e-33
  outer loop
    vertex 8.694738077799483 99.9144486137381 73.0
    vertex 7.411809548974791 99.65925826289067 3.0
    vertex 8.694738077799483 99.9144486137381 3.0
  endloop
endfacet
facet normal 0.19509032201612425 -0.9807852804032313 8.444948591159e-33
  outer loop
    vertex 7.411809548974791 99.65925826289067 3.0
    vertex 8.694738077799483 99.9144486137381 73.0
    vertex 7.411809548974791 99.65925826289067 73.0
  endloop
endfacet
facet normal -0.6593458151000658 -0.75183980747898 4.592843605146964e-33
  outer loop
    vertex 132.07106781186548 97.07106781186548 73.0
    vertex 131.0876142900872 97.93353340291235 3.0
    vertex 132.07106781186548 97.07106781186548 3.0
  endloop
endfacet
facet normal -0.6593458151000658 -0.75183980747898 4.592843605146964e-33
  outer loop
    vertex 131.0876142900872 97.93353340291235 3.0
    vertex 132.07106781186548 97.07106781186548 73.0
    vertex 131.0876142900872 97.93353340291235 73.0
  endloop
endfacet
facet normal -0.9469301294951047 -0.32143946530316453 4.1731329411870636e-34
  outer loop
    vertex 134.23879532511287 93.82683432365089 73.0
    vertex 134.6592582628907 92.5881904510252 3.0
    vertex 134.6592582628907 92.5881904510252 73.0
  endloop
endfacet
facet normal -0.9469301294951047 -0.32143946530316453 4.1731329411870636e-34
  outer loop
    vertex 134.6592582628907 92.5881904510252 3.0
    vertex 134.23879532511287 93.82683432365089 73.0
    vertex 134.23879532511287 93.82683432365089 3.0
  endloop
endfacet
facet normal 1.0 3.524958103184872e-17 2.325136891901739e-33
  outer loop
    vertex -2.8199664825478975e-15 90.0 3.0
    vertex 0.0 9.999999999999996 73.0
    vertex 0.0 9.999999999999996 3.0
  endloop
endfacet
facet normal 1.0 3.524958103184872e-17 2.325136891901739e-33
  outer loop
    vertex 0.0 9.999999999999996 73.0
    vertex -2.8199664825478975e-15 90.0 3.0
    vertex -2.8199664825478975e-15 90.0 73.0
  endloop
endfacet
facet normal 0.555570233019601 -0.831469612302546 8.066505131750038e-33
  outer loop
    vertex 4.999999999999998 98.66025403784437 73.0
    vertex 3.912385709912792 97.93353340291235 3.0
    vertex 4.999999999999998 98.66025403784437 3.0
  endloop
endfacet
facet normal 0.555570233019601 -0.831469612302546 8.066505131750038e-33
  outer loop
    vertex 3.912385709912792 97.93353340291235 3.0
    vertex 4.999999999999998 98.66025403784437 73.0
    vertex 3.912385709912792 97.93353340291235 73.0
  endloop
endfacet
facet normal -0.32143946530315676 -0.9469301294951072 6.968097863627307e-33
  outer loop
    vertex 128.8268343236509 99.23879532511287 73.0
    vertex 127.5881904510252 99.65925826289067 3.0
    vertex 128.8268343236509 99.23879532511287 3.0
  endloop
endfacet
facet normal -0.32143946530315676 -0.9469301294951072 6.968097863627307e-33
  outer loop
    vertex 127.5881904510252 99.65925826289067 3.0
    vertex 128.8268343236509 99.23879532511287 73.0
    vertex 127.5881904510252 99.65925826289067 73.0
  endloop
endfacet
facet normal -0.9807852804032328 -0.19509032201611676 -6.908842999401377e-34
  outer loop
    vertex 134.6592582628907 92.5881904510252 73.0
    vertex 134.9144486137381 91.30526192220051 3.0
    vertex 134.9144486137381 91.30526192220051 73.0
  endloop
endfacet
facet normal -0.9807852804032328 -0.19509032201611676 -6.908842999401377e-34
  outer loop
    vertex 134.9144486137381 91.30526192220051 3.0
    vertex 134.6592582628907 92.5881904510252 73.0
    vertex 134.6592582628907 92.5881904510252 3.0
  endloop
endfacet
facet normal -0.9983947061462995 0.05663930383615388 -2.782895545544843e-33
  outer loop
    vertex 135.0 10.0 73.0
    vertex 134.92547760997326 8.686375808797145 3.0
    vertex 134.92547760997326 8.686375808797145 73.0
  endloop
endfacet
facet normal -0.9983947061462995 0.05663930383615388 -2.782895545544843e-33
  outer loop
    vertex 134.92547760997326 8.686375808797145 3.0
    vertex 135.0 10.0 73.0
    vertex 135.0 10.0 3.0
  endloop
endfacet
facet normal 0.9807852804032302 -0.1950903220161292 3.870035777059454e-33
  outer loop
    vertex 0.3407417371093147 92.5881904510252 3.0
    vertex 0.08555138626189318 91.30526192220051 73.0
    vertex 0.08555138626189318 91.30526192220051 3.0
  endloop
endfacet
facet normal 0.9807852804032302 -0.1950903220161292 3.870035777059454e-33
  outer loop
    vertex 0.08555138626189318 91.30526192220051 73.0
    vertex 0.3407417371093147 92.5881904510252 3.0
    vertex 0.3407417371093147 92.5881904510252 73.0
  endloop
endfacet
facet normal 0.3214394653031573 -0.9469301294951072 8.462879382206385e-33
  outer loop
    vertex 7.411809548974791 99.65925826289067 73.0
    vertex 6.173165676349099 99.23879532511287 3.0
    vertex 7.411809548974791 99.65925826289067 3.0
  endloop
endfacet
facet normal 0.3214394653031573 -0.9469301294951072 8.462879382206385e-33
  outer loop
    vertex 6.173165676349099 99.23879532511287 3.0
    vertex 7.411809548974791 99.65925826289067 73.0
    vertex 6.173165676349099 99.23879532511287 73.0
  endloop
endfacet
facet normal -0.5555702330196122 -0.8314696123025386 5.4829514420773115e-33
  outer loop
    vertex 131.0876142900872 97.93353340291235 73.0
    vertex 130.0 98.66025403784437 3.0
    vertex 131.0876142900872 97.93353340291235 3.0
  endloop
endfacet
facet normal -0.5555702330196122 -0.8314696123025386 5.4829514420773115e-33
  outer loop
    vertex 130.0 98.66025403784437 3.0
    vertex 131.0876142900872 97.93353340291235 73.0
    vertex 130.0 98.66025403784437 73.0
  endloop
endfacet
facet normal -1.0 -0.0 -2.3251368919017396e-33
  outer loop
    vertex 135.0 90.0 73.0
    vertex 135.0 10.0 3.0
    vertex 135.0 10.0 73.0
  endloop
endfacet
facet normal -1.0 -0.0 -2.3251368919017396e-33
  outer loop
    vertex 135.0 10.0 3.0
    vertex 135.0 90.0 73.0
    vertex 135.0 90.0 3.0
  endloop
endfacet
facet normal 0.7518398074789802 -0.659345815100066 7.120411887094924e-33
  outer loop
    vertex 2.9289321881345227 97.07106781186548 3.0
    vertex 2.0664665970876466 96.0876142900872 73.0
    vertex 2.0664665970876466 96.0876142900872 3.0
  endloop
endfacet
facet normal 0.7518398074789802 -0.659345815100066 7.120411887094924e-33
  outer loop
    vertex 2.0664665970876466 96.0876142900872 73.0
    vertex 2.9289321881345227 97.07106781186548 3.0
    vertex 2.9289321881345227 97.07106781186548 73.0
  endloop
endfacet
facet normal -0.06540312923014788 -0.9978589232386031 7.978379931097144e-33
  outer loop
    vertex 126.3052619222005 99.9144486137381 73.0
    vertex 125.0 100.0 3.0
    vertex 126.3052619222005 99.9144486137381 3.0
  endloop
endfacet
facet normal -0.06540312923014788 -0.9978589232386031 7.978379931097144e-33
  outer loop
    vertex 125.0 100.0 3.0
    vertex 126.3052619222005 99.9144486137381 73.0
    vertex 125.0 100.0 73.0
  endloop
endfacet
facet normal -0.8968727415326838 -0.4422886902190105 1.5183705420140102e-33
  outer loop
    vertex 133.66025403784437 95.0 73.0
    vertex 134.23879532511287 93.82683432365089 3.0
    vertex 134.23879532511287 93.82683432365089 73.0
  endloop
endfacet
facet normal -0.8968727415326838 -0.4422886902190105 1.5183705420140102e-33
  outer loop
    vertex 134.23879532511287 93.82683432365089 3.0
    vertex 133.66025403784437 95.0 73.0
    vertex 133.66025403784437 95.0 3.0
  endloop
endfacet
facet normal 0.8968727415326889 -0.4422886902190001 5.689074339371329e-33
  outer loop
    vertex 1.3397459621556098 95.0 3.0
    vertex 0.7612046748871294 93.82683432365089 73.0
    vertex 0.7612046748871294 93.82683432365089 3.0
  endloop
endfacet
facet normal 0.8968727415326889 -0.4422886902190001 5.689074339371329e-33
  outer loop
    vertex 0.7612046748871294 93.82683432365089 73.0
    vertex 1.3397459621556098 95.0 3.0
    vertex 1.3397459621556098 95.0 73.0
  endloop
endfacet
facet normal 0.06540312923014739 -0.9978589232386033 8.28252238833481e-33
  outer loop
    vertex 10.0 100.0 73.0
    vertex 8.694738077799483 99.9144486137381 3.0
    vertex 10.0 100.0 3.0
  endloop
endfacet
facet normal 0.06540312923014739 -0.9978589232386033 8.28252238833481e-33
  outer loop
    vertex 8.694738077799483 99.9144486137381 3.0
    vertex 10.0 100.0 73.0
    vertex 8.694738077799483 99.9144486137381 73.0
  endloop
endfacet
facet normal -0.7518398074789796 -0.6593458151000665 3.6241509407555764e-33
  outer loop
    vertex 132.07106781186548 97.07106781186548 73.0
    vertex 132.93353340291233 96.0876142900872 3.0
    vertex 132.93353340291233 96.0876142900872 73.0
  endloop
endfacet
facet normal -0.7518398074789796 -0.6593458151000665 3.6241509407555764e-33
  outer loop
    vertex 132.93353340291233 96.0876142900872 3.0
    vertex 132.07106781186548 97.07106781186548 73.0
    vertex 132.07106781186548 97.07106781186548 3.0
  endloop
endfacet
facet normal -0.982317731665715 0.18722145725082986 -3.809484240884393e-33
  outer loop
    vertex 134.92547760997326 8.686375808797145 73.0
    vertex 134.6791435360415 7.3939046770697 3.0
    vertex 134.6791435360415 7.3939046770697 73.0
  endloop
endfacet
facet normal -0.982317731665715 0.18722145725082986 -3.809484240884393e-33
  outer loop
    vertex 134.6791435360415 7.3939046770697 3.0
    vertex 134.92547760997326 8.686375808797145 73.0
    vertex 134.92547760997326 8.686375808797145 3.0
  endloop
endfacet
facet normal -0.9492366723199629 0.31456277580623504 -4.7701301244062404e-33
  outer loop
    vertex 134.6791435360415 7.3939046770697 73.0
    vertex 134.26526186238362 6.144959497112302 3.0
    vertex 134.26526186238362 6.144959497112302 73.0
  endloop
endfacet
facet normal -0.9492366723199629 0.31456277580623504 -4.7701301244062404e-33
  outer loop
    vertex 134.26526186238362 6.144959497112302 3.0
    vertex 134.6791435360415 7.3939046770697 73.0
    vertex 134.6791435360415 7.3939046770697 3.0
  endloop
endfacet
facet normal -0.8997241668006037 0.4364589598976741 -5.648204254574989e-33
  outer loop
    vertex 134.26526186238362 6.144959497112302 73.0
    vertex 133.69099695026097 4.9611597196864885 3.0
    vertex 133.69099695026097 4.9611597196864885 73.0
  endloop
endfacet
facet normal -0.8997241668006037 0.4364589598976741 -5.648204254574989e-33
  outer loop
    vertex 133.69099695026097 4.9611597196864885 3.0
    vertex 134.26526186238362 6.144959497112302 73.0
    vertex 134.26526186238362 6.144959497112302 3.0
  endloop
endfacet
facet normal -0.6624971436304993 0.749064439605452 -7.643696023799353e-33
  outer loop
    vertex 131.11811278557354 1.9978095066888089 73.0
    vertex 132.10368408575965 2.869481070167926 3.0
    vertex 131.11811278557354 1.9978095066888089 3.0
  endloop
endfacet
facet normal -0.6624971436304993 0.749064439605452 -7.643696023799353e-33
  outer loop
    vertex 132.10368408575965 2.869481070167926 3.0
    vertex 131.11811278557354 1.9978095066888089 73.0
    vertex 132.10368408575965 2.869481070167926 73.0
  endloop
endfacet
facet normal -0.19621343383256618 0.9805612109315937 -8.445734285028793e-33
  outer loop
    vertex 126.34030944556828 0.0 73.0
    vertex 127.60304630936216 0.25267768427895354 3.0
    vertex 126.34030944556828 0.0 3.0
  endloop
endfacet
facet normal -0.19621343383256618 0.9805612109315937 -8.445734285028793e-33
  outer loop
    vertex 127.60304630936216 0.25267768427895354 3.0
    vertex 126.34030944556828 0.0 73.0
    vertex 127.60304630936216 0.25267768427895354 73.0
  endloop
endfacet
facet normal -0.8346372848912473 0.5507999661123509 -6.42850702077018e-33
  outer loop
    vertex 133.69099695026097 4.9611597196864885 73.0
    vertex 132.96628942172077 3.8629971176981392 3.0
    vertex 132.96628942172077 3.8629971176981392 73.0
  endloop
endfacet
facet normal -0.8346372848912473 0.5507999661123509 -6.42850702077018e-33
  outer loop
    vertex 132.96628942172077 3.8629971176981392 3.0
    vertex 133.69099695026097 4.9611597196864885 73.0
    vertex 133.69099695026097 4.9611597196864885 3.0
  endloop
endfacet
facet normal -0.4446837671259741 0.8956876393334076 -8.331920752365725e-33
  outer loop
    vertex 128.84814715427356 0.6779846185388367 73.0
    vertex 130.02663592584497 1.2630712083772808 3.0
    vertex 128.84814715427356 0.6779846185388367 3.0
  endloop
endfacet
facet normal -0.4446837671259741 0.8956876393334076 -8.331920752365725e-33
  outer loop
    vertex 130.02663592584497 1.2630712083772808 3.0
    vertex 128.84814715427356 0.6779846185388367 73.0
    vertex 130.02663592584497 1.2630712083772808 73.0
  endloop
endfacet
facet normal -0.7551026914457771 0.6556065324349228 -7.097531251096731e-33
  outer loop
    vertex 132.96628942172077 3.8629971176981392 73.0
    vertex 132.10368408575965 2.869481070167926 3.0
    vertex 132.10368408575965 2.869481070167926 73.0
  endloop
endfacet
facet normal -0.7551026914457771 0.6556065324349228 -7.097531251096731e-33
  outer loop
    vertex 132.10368408575965 2.869481070167926 3.0
    vertex 132.96628942172077 3.8629971176981392 73.0
    vertex 132.96628942172077 3.8629971176981392 3.0
  endloop
endfacet
facet normal -0.558423659026456 0.8295559155593458 -8.057547134962149e-33
  outer loop
    vertex 130.02663592584497 1.2630712083772808 73.0
    vertex 131.11811278557354 1.9978095066888089 3.0
    vertex 130.02663592584497 1.2630712083772808 3.0
  endloop
endfacet
facet normal -0.558423659026456 0.8295559155593458 -8.057547134962149e-33
  outer loop
    vertex 131.11811278557354 1.9978095066888089 3.0
    vertex 130.02663592584497 1.2630712083772808 73.0
    vertex 131.11811278557354 1.9978095066888089 73.0
  endloop
endfacet
facet normal -0.3232463245546345 0.9463148596856756 -8.462067422625841e-33
  outer loop
    vertex 127.60304630936216 0.25267768427895354 73.0
    vertex 128.84814715427356 0.6779846185388367 3.0
    vertex 127.60304630936216 0.25267768427895354 3.0
  endloop
endfacet
facet normal -0.3232463245546345 0.9463148596856756 -8.462067422625841e-33
  outer loop
    vertex 128.84814715427356 0.6779846185388367 3.0
    vertex 127.60304630936216 0.25267768427895354 73.0
    vertex 128.84814715427356 0.6779846185388367 73.0
  endloop
endfacet
facet normal -0.19621343383262949 0.9805612109315809 -8.445734285028837e-33
  outer loop
    vertex 126.31288629578717 -0.005487459961777963 73.0
    vertex 126.34030944556828 0.0 3.0
    vertex 126.31288629578717 -0.005487459961777963 3.0
  endloop
endfacet
facet normal -0.19621343383262949 0.9805612109315809 -8.445734285028837e-33
  outer loop
    vertex 126.34030944556828 0.0 3.0
    vertex 126.31288629578717 -0.005487459961777963 73.0
    vertex 126.34030944556828 0.0 73.0
  endloop
endfacet
endsolid box2
